course_enrolled,heard_from_ccm_web_site,heard_from_social_media,heard_from_community_event,heard_from_family_member_or_friend,heard_from_current_ccm_student,heard_from_ccm_alumni,heard_from_high_school_teacher,heard_from_high_school_counselor,impact_affordable_cost,impact_location/convenience,impact_choice_of_programs,impact_online_offerings,impact_family/friend_referral,impact_college_reputation,motivation_to_get_a_job_in_the_computing_field,motivation_transfer_to_bachelor's_level_program,motivation_career_advancement,motivation_career_change,motivation_professional_development,info_from_high_school_guidance_counselor,info_from_high_school_teacher,info_from_ccm_information_technologies_website,info_from_ccm_admissions,info_from_ccm_advisor/counselor,major_change_details,interest_in_computing_classes,reason_interest_in_computing,gender,race_ethnicity,age
Computer Science,Yes,Yes,Yes,Yes,No,No,Yes,Yes,Some Impact,High Impact,High Impact,No Impact,Some Impact,High Impact,Yes,Yes,Yes,No,Yes,Yes,Yes,Yes,Yes,Yes,First Choice,,,Man,White/Caucasian,19-20
,No,No,No,No,Yes,No,No,No,Some Impact,Some Impact,High Impact,High Impact,Some Impact,High Impact,Yes,Yes,Yes,Yes,Yes,No,No,Yes,No,Yes,First Choice,,,Man,White/Caucasian,25-34
Computer Science,No,No,No,No,No,No,Yes,Yes,High Impact,High Impact,Some Impact,Some Impact,Some Impact,No Impact,,,,,,,,,,,,1.0,Im really only taking this class for the requirement. im not super interested or even very good with this kind of stuff,Woman,White/Caucasian,19-20
Computer Science,No,No,Yes,No,Yes,No,No,No,High Impact,High Impact,High Impact,No Impact,No Impact,Some Impact,Yes,Yes,No,No,No,Yes,Yes,No,Yes,No,First Choice,,,Man,Asian,18 and younger
Computer Science,Yes,No,No,Yes,No,No,Yes,No,,High Impact,High Impact,High Impact,No Impact,No Impact,Yes,No,Yes,Yes,Yes,No,No,No,No,No,First Choice,,,Man,White/Caucasian,25-34
Computer Science,Yes,Yes,No,Yes,No,No,Yes,Yes,High Impact,High Impact,Some Impact,No Impact,High Impact,Some Impact,Yes,Yes,Yes,No,Yes,Yes,Yes,Yes,Yes,Yes,First Choice,,,Man,White/Caucasian,19-20
Computer Science,No,No,No,Yes,Yes,Yes,Don't recall,Don't recall,Some Impact,High Impact,High Impact,Some Impact,High Impact,High Impact,Yes,Yes,No,Yes,No,No,No,Yes,No,No,Business,,,Man,White/Caucasian,19-20
Computer Science,No,No,Yes,No,No,No,Yes,Yes,,No Impact,No Impact,No Impact,No Impact,No Impact,,,,,,,,,,,,4.0,To further my knowledge of computing.,Prefer not to say,Choose not to reply,18 and younger
Computer Science,No,No,No,Yes,Yes,No,Yes,Yes,High Impact,High Impact,High Impact,High Impact,Some Impact,High Impact,Yes,No,Yes,No,Yes,No,No,No,No,Yes,First Choice,,,Man,Asian,19-20
Computer Science,Yes,No,Don't recall,Yes,Yes,Don't recall,Don't recall,Don't recall,High Impact,High Impact,High Impact,Some Impact,No Impact,High Impact,Yes,No,No,No,No,No,No,Yes,Yes,Yes,First Choice,,,Man,White/Caucasian,18 and younger
Computer Science,Don't recall,Don't recall,Don't recall,Yes,Yes,Don't recall,Yes,Don't recall,No Impact,High Impact,Some Impact,No Impact,Some Impact,No Impact,Yes,Yes,No,No,Yes,No,No,No,No,No,First Choice,,,Man,White/Caucasian,18 and younger
Computer Science,Yes,Don't recall,Yes,Yes,Yes,Don't recall,Yes,Yes,Some Impact,High Impact,High Impact,Some Impact,Some Impact,Some Impact,,,,,,,,,,,,1.0,Computer Science isn't really for me but it helps me with Business. ,Woman,Multi-Racial,18 and younger
Computer Science,Yes,Yes,No,Yes,No,No,No,No,High Impact,High Impact,High Impact,Some Impact,Some Impact,High Impact,,,,,,,,,,,,2.0,I'm taking this course because I need it to graduate ,Man,White/Caucasian,21-24
Computer Science,No,No,No,Yes,Yes,Don't recall,Yes,Yes,High Impact,No Impact,Some Impact,No Impact,High Impact,No Impact,,,,,,,,,,,,2.0,"I am more interested in doing law in the long run, I would like to practice as a lawyer one day. The program my high school offered did not allow me to do any law classes here, so I thought computer science was something interesting I could do that was available. While it certainly is interesting as I do it now, I still wanna do law in the long run.",I do not identify,White/Caucasian,18 and younger
Computer Science,No,Yes,No,Yes,No,No,No,Yes,Some Impact,High Impact,High Impact,Some Impact,No Impact,High Impact,,,,,,,,,,,,5.0,To further my studies in Computer Science and to lead to a positive career path.,Man,White/Caucasian,19-20
Computer Science,No,No,Don't recall,Yes,Yes,Yes,Don't recall,Don't recall,High Impact,High Impact,High Impact,High Impact,Some Impact,Some Impact,Yes,Yes,Yes,Yes,Yes,No,No,Yes,Yes,Yes,Nursing,,,Man,Hispanic or Latino,25-34
Computer Science,No,No,No,Yes,Yes,No,No,Yes,High Impact,Some Impact,High Impact,Some Impact,High Impact,Some Impact,Yes,Yes,No,No,No,No,No,No,No,No,LIberal Arts,,,Man,White/Caucasian,19-20
Computer Science,No,No,No,No,No,No,Yes,Yes,Some Impact,High Impact,Some Impact,No Impact,No Impact,Some Impact,Yes,Yes,No,No,No,No,Yes,Yes,Yes,Yes,First Choice,,,Man,Asian,19-20
Computer Science,Yes,Yes,No,Yes,Yes,No,No,No,High Impact,High Impact,High Impact,High Impact,High Impact,High Impact,Yes,Yes,Yes,Yes,Yes,Yes,Yes,Yes,Yes,Don't recall,Science,,,Man,Hispanic or Latino,19-20
Computer Science,No,No,No,Yes,No,Yes,Yes,Yes,High Impact,High Impact,Some Impact,No Impact,High Impact,Some Impact,Yes,Yes,Yes,No,Yes,No,No,Yes,Yes,Yes,First Choice,,,Man,Asian,18 and younger
Computer Science,No,No,No,Yes,No,Yes,No,Yes,Some Impact,No Impact,No Impact,No Impact,No Impact,High Impact,,,,,,,,,,,,3.0,"I'm a bio major and in the field I want to go into computing is not required at all. except, if I wanted to make my own code for a machine or task.",Man,Hispanic or Latino,19-20
Computer Science,No,No,No,Yes,Yes,No,Yes,Yes,High Impact,Some Impact,High Impact,No Impact,Some Impact,No Impact,Yes,Yes,Yes,Yes,Yes,No,No,No,No,No,First Choice,,,Man,White/Caucasian,21-24
Computer Science,No,Yes,No,Yes,No,No,Yes,No,High Impact,High Impact,Some Impact,Some Impact,High Impact,High Impact,Yes,Yes,No,No,No,Yes,Yes,No,No,No,First Choice,,,Man,Hispanic or Latino,19-20
Computer Science,Yes,Don't recall,No,Yes,Yes,No,Yes,Yes,High Impact,High Impact,No Impact,Some Impact,Some Impact,Some Impact,Yes,Yes,Yes,Yes,No,No,No,No,Don't recall,Don't recall,First Choice,,,Man,Asian,18 and younger
Computer Science,Don't recall,No,Yes,Yes,Yes,No,Yes,Yes,High Impact,High Impact,High Impact,Some Impact,High Impact,High Impact,,,,,,,,,,,,2.0,Computing seems interesting but then I don't know if I will presume learning it after this class. ,Man,Hispanic or Latino,21-24
Computer Science,No,No,No,Yes,Yes,No,Yes,Yes,Some Impact,High Impact,Some Impact,Some Impact,High Impact,Some Impact,,,,,,,,,,,,3.0,"I am interested in learning more about programming, however some parts do not seem important to me",Man,White/Caucasian,18 and younger
Computer Science,No,No,No,Yes,No,Yes,No,No,No Impact,High Impact,Some Impact,No Impact,Some Impact,Some Impact,,,,,,,,,,,,3.0,"I'd think about taking another computer class, because it's relatively related to my interests. But I am really pursuing courses in pure mathematics.",Man,White/Caucasian,21-24
Computer Science,No,No,No,Yes,Yes,Yes,No,No,High Impact,High Impact,High Impact,Some Impact,High Impact,High Impact,,,,,,,,,,,,2.0,"I personally don't like it because it is very similar to learning a new language, I was placed in the class for my current major Mechanical Engineering.",Man,Multi-Racial,19-20
Computer Science,No,No,No,No,No,No,Yes,No,High Impact,High Impact,Some Impact,Some Impact,No Impact,No Impact,,,,,,,,,,,,4.0,I like the classes and I need the credits for my degree.,Prefer not to say,Choose not to reply,18 and younger
Computer Science,No,No,No,Yes,No,No,Yes,No,High Impact,High Impact,High Impact,No Impact,Some Impact,Some Impact,,,,,,,,,,,,3.0,Technology is always growing and all the things we learn in class will be very useful in the future.,Man,White/Caucasian,25-34
Computer Science,No,No,No,Yes,No,Yes,Yes,Yes,High Impact,High Impact,High Impact,No Impact,High Impact,High Impact,Yes,Yes,Yes,No,Yes,Yes,No,No,Yes,Yes,First Choice,,,Man,White/Caucasian,18 and younger
Computer Science,No,No,No,No,Yes,No,No,No,No Impact,High Impact,High Impact,,No Impact,High Impact,No,Yes,No,No,Yes,No,No,No,No,No,did not swap,,,Man,White/Caucasian,19-20
Computer Science,Don't recall,No,No,No,Yes,No,No,No,High Impact,High Impact,Some Impact,High Impact,No Impact,No Impact,,,,,,,,,,,,5.0,.,I do not identify,Asian,65+
Computer Science,No,No,No,Yes,Yes,Yes,No,No,High Impact,High Impact,Some Impact,No Impact,High Impact,High Impact,Yes,Yes,No,No,Yes,No,Yes,No,No,No,First Choice,,,Woman,Hispanic or Latino,18 and younger
Computer Science,No,No,Yes,Yes,No,No,Yes,Yes,Some Impact,High Impact,High Impact,Some Impact,No Impact,High Impact,Yes,Yes,No,No,Yes,Yes,No,Yes,Yes,Yes,First Choice,,,Woman,Asian,18 and younger
Computer Science,Yes,No,No,Yes,Yes,No,No,No,Some Impact,Some Impact,High Impact,No Impact,No Impact,No Impact,Yes,Yes,No,No,Yes,No,No,No,No,No,First Choice,,,Man,White/Caucasian,19-20
Computer Science,Don't recall,Don't recall,Don't recall,Yes,Don't recall,Don't recall,Yes,Yes,No Impact,High Impact,High Impact,No Impact,No Impact,Some Impact,Yes,Yes,Yes,Yes,Yes,No,Yes,No,No,No,First Choice,,,Man,White/Caucasian,25-34
Computer Science,Yes,No,No,Yes,Yes,No,No,No,Some Impact,High Impact,No Impact,High Impact,,,No,Yes,No,Yes,No,Yes,Yes,Don't recall,No,Don't recall,Business,,,Woman,Native American,19-20
Computer Science,No,No,No,Yes,No,No,Yes,No,High Impact,High Impact,Some Impact,Some Impact,No Impact,High Impact,Yes,Yes,No,No,No,No,No,No,No,No,First Choice,,,Man,Asian,18 and younger
Computer Science,No,No,No,Yes,Don't recall,Don't recall,Yes,Don't recall,High Impact,High Impact,High Impact,Some Impact,High Impact,High Impact,Yes,Yes,Yes,Yes,Yes,Don't recall,Don't recall,Don't recall,Don't recall,Yes,Math & Science -> Psychology -> Liberal Arts -> IT,,,Man,Hispanic or Latino,21-24
Computer Science,Yes,Yes,No,Yes,Yes,Yes,Yes,Yes,High Impact,No Impact,High Impact,High Impact,High Impact,High Impact,,,,,,,,,,,,5.0,"My personal interest in acquiring more SKILLS in the STEM field motivates me, certificate programs and classes I can use to strengthen my acquiring of certifications is what motivates me. Its a great thing to have on the job market nowadays. 

I would not be interested in taking computing classes that require me to be in person due to personal transportation issues",Man,Hispanic or Latino,21-24
Computer Science,No,No,No,Yes,No,No,No,No,High Impact,High Impact,Some Impact,No Impact,Some Impact,No Impact,Yes,Yes,No,No,No,No,No,No,No,No,First Choice,,,Man,White/Caucasian,18 and younger
Computer Science,Yes,No,No,Yes,Yes,Yes,Yes,Yes,High Impact,High Impact,Some Impact,No Impact,Some Impact,Some Impact,Yes,Yes,No,No,No,No,No,Yes,No,No,First Choice,,,Man,Asian,19-20
Computer Science,Yes,No,No,Yes,No,No,Yes,Yes,High Impact,Some Impact,Some Impact,No Impact,No Impact,Some Impact,Yes,Yes,Yes,Yes,Yes,Yes,No,No,Yes,No,First Choice,,,Woman,Hispanic or Latino,18 and younger
Computer Science,Yes,Yes,Yes,Yes,Yes,Yes,Yes,Yes,High Impact,High Impact,Some Impact,Some Impact,High Impact,High Impact,Yes,Yes,No,Yes,Yes,Don't recall,Don't recall,Yes,Yes,Yes,Business,,,Man,White/Caucasian,19-20
Computer Science,No,No,No,Yes,Yes,No,Yes,Yes,High Impact,High Impact,High Impact,High Impact,High Impact,High Impact,Yes,Yes,Yes,No,Yes,Yes,Yes,No,No,No,First Choice,,,Man,Hispanic or Latino,19-20
Computer Science,Yes,No,Yes,Yes,Yes,Yes,Yes,Yes,High Impact,High Impact,High Impact,High Impact,High Impact,High Impact,Yes,Yes,Yes,No,Yes,Yes,Yes,Yes,Yes,Don't recall,First Choice,,,Woman,Hispanic or Latino,19-20
Computer Science,No,No,No,No,Yes,No,No,No,High Impact,High Impact,High Impact,No Impact,High Impact,High Impact,Yes,Yes,Yes,No,Yes,No,No,No,No,No,First Choice,,,Man,Asian,18 and younger
Computer Science,No,No,No,Yes,Yes,Yes,Yes,Yes,High Impact,High Impact,High Impact,High Impact,High Impact,High Impact,Yes,No,Yes,Yes,Yes,Yes,Yes,No,No,No,First Choice,,,Woman,Multi-Racial,19-20
Computer Science,Yes,Yes,No,Yes,No,Yes,No,Yes,High Impact,High Impact,High Impact,Some Impact,Some Impact,High Impact,No,No,Yes,No,No,No,No,No,No,No,Engineering,,,Man,White/Caucasian,19-20
Computer Science,No,No,No,Yes,No,No,Yes,Yes,High Impact,High Impact,High Impact,High Impact,No Impact,Some Impact,Yes,Yes,Yes,Yes,Yes,No,No,No,No,No,Radiography,,,Man,Hispanic or Latino,19-20
Computer Science,Yes,No,No,Yes,No,No,Yes,Yes,Some Impact,High Impact,No Impact,No Impact,Some Impact,Some Impact,Yes,Yes,Yes,Yes,Yes,No,No,Yes,No,Yes,First Choice,,,Man,White/Caucasian,18 and younger
Computer Science,No,No,No,No,Yes,No,No,Yes,High Impact,Some Impact,No Impact,No Impact,No Impact,No Impact,,,,,,,,,,,,3.0,I am somewhat on the fence because i do want to learn more but sometimes it gets confusing ,Man,Hispanic or Latino,18 and younger
Computer Science,No,No,No,No,No,No,Yes,Yes,High Impact,High Impact,No Impact,No Impact,No Impact,Some Impact,No,Yes,Yes,No,Yes,No,No,No,Yes,No,History,,,Man,Multi-Racial,21-24
Computer Science,No,No,No,Yes,No,No,No,No,No Impact,No Impact,High Impact,No Impact,No Impact,No Impact,Yes,Yes,Yes,No,No,No,No,Yes,No,No,First Choice,,,Man,Choose not to reply,19-20
Computer Science,Don't recall,Don't recall,Don't recall,Don't recall,Don't recall,Don't recall,Don't recall,Don't recall,Some Impact,No Impact,No Impact,No Impact,Some Impact,High Impact,,,,,,,,,,,,1.0,"I am in Mechanical, not electronic",Man,White/Caucasian,19-20
Computer Science,No,No,No,No,No,No,Yes,Yes,High Impact,High Impact,High Impact,No Impact,Some Impact,High Impact,Yes,Yes,Yes,No,Yes,No,No,No,No,Yes,Business,,,Man,Hispanic or Latino,21-24
Computer Science,No,No,Yes,Yes,Yes,No,Yes,Yes,High Impact,High Impact,Some Impact,No Impact,No Impact,No Impact,Yes,Yes,No,No,No,No,No,No,Yes,No,First Choice,,,Man,White/Caucasian,19-20
Computer Science,Yes,No,No,No,Yes,No,No,No,High Impact,High Impact,High Impact,Some Impact,High Impact,High Impact,,,,,,,,,,,,4.0,I would like to learn about computing,Man,Hispanic or Latino,19-20
Computer Science,Yes,No,No,Yes,Yes,Yes,Yes,Yes,High Impact,Some Impact,Some Impact,No Impact,No Impact,Some Impact,Yes,Yes,Yes,Yes,Yes,Don't recall,Don't recall,Yes,No,No,Business,,,Man,White/Caucasian,19-20
Computer Science,Yes,No,No,Yes,No,No,Yes,Yes,High Impact,High Impact,High Impact,High Impact,Some Impact,No Impact,No,No,No,No,No,No,No,Yes,Yes,Yes,First Choice,,,Man,Multi-Racial,18 and younger
Computer Science,No,Yes,No,Yes,No,No,Yes,No,High Impact,High Impact,Some Impact,No Impact,No Impact,No Impact,Yes,Yes,Yes,No,Yes,No,No,No,No,No,First Choice,,,Man,White/Caucasian,21-24
Computer Science,No,No,No,Yes,No,Yes,Don't recall,Don't recall,Some Impact,Some Impact,Some Impact,No Impact,Some Impact,No Impact,Yes,Yes,Yes,Yes,Yes,No,No,No,Yes,No,First Choice,,,Man,Multi-Racial,21-24
Computer Science,Yes,No,No,No,No,No,No,No,High Impact,High Impact,Some Impact,Some Impact,High Impact,Some Impact,,,,,,,,,,,,4.0,I would like to learn about computing,Man,Hispanic or Latino,19-20
Computer Science,Yes,Don't recall,No,Don't recall,Yes,No,Yes,Don't recall,,No Impact,Some Impact,,High Impact,Some Impact,Yes,No,No,No,Yes,No,Don't recall,No,Yes,Yes,Science,,,Woman,Multi-Racial,18 and younger
Computer Science,No,No,No,Yes,No,No,No,Yes,High Impact,High Impact,Some Impact,High Impact,Some Impact,Some Impact,Yes,Yes,No,No,No,Yes,Yes,Yes,No,Yes,LIberal Arts,,,Man,White/Caucasian,18 and younger
Computer Science,No,No,No,No,No,No,No,Yes,High Impact,High Impact,Some Impact,Some Impact,Some Impact,Some Impact,Yes,Yes,No,No,No,Yes,Yes,Yes,Yes,Yes,First Choice,,,Prefer not to say,White/Caucasian,19-20
Computer Science,No,No,Yes,Yes,No,Yes,Yes,Yes,High Impact,High Impact,Some Impact,No Impact,High Impact,High Impact,,,,,,,,,,,,4.0,moderately interested because it depends on what i need to learn in the future when looking for a programming job.,Man,White/Caucasian,18 and younger
Computer Science,No,No,No,No,No,No,Yes,Yes,,,,,,,,,,,,,,,,,,3.0,im not great at it,Woman,Multi-Racial,18 and younger
Computer Science,No,No,No,No,No,No,Yes,Yes,,,High Impact,,,,No,No,Yes,No,No,No,No,No,No,No,Engineering,,,Man,Choose not to reply,18 and younger
Computer Science,No,No,No,Yes,No,Don't recall,No,No,,,,,High Impact,,Yes,No,Yes,No,No,No,No,No,No,No,First Choice,,,Prefer not to say,White/Caucasian,18 and younger
Computer Science,No,No,No,Yes,No,No,Yes,Yes,,,High Impact,,,,,,,,,,,,,,,4.0,I like how with computing classes there is a right and wrong answer but still room to be creative. ,Woman,White/Caucasian,18 and younger
Computer Science,No,No,Yes,Yes,Yes,Yes,No,No,Some Impact,No Impact,No Impact,No Impact,Some Impact,No Impact,,,,,,,,,,,,3.0,I do not feel as though I need to be extremely well versed in computing for mechanical engineering but I also feel I need to know enough to be useful in making things.,Man,Multi-Racial,18 and younger
Computer Science,Yes,Yes,No,Yes,Yes,Yes,Yes,Yes,High Impact,High Impact,High Impact,High Impact,High Impact,Some Impact,,,,,,,,,,,,3.0,"It doesn't have to do with my major, but I have some friends that want to work in STEM and I thought it would be a good idea to try it out and see what it had to offer. I am completing this class for my credits, and although challenging at times, I enjoy learning about something I never would have experienced without the advice of my friends.",Woman,White/Caucasian,19-20
Computer Science,Don't recall,Don't recall,Don't recall,Yes,Don't recall,Yes,Don't recall,Don't recall,High Impact,High Impact,No Impact,No Impact,High Impact,No Impact,Yes,Yes,No,No,Yes,No,No,No,No,No,First Choice,,,Man,Hispanic or Latino,18 and younger
Computer Science,No,No,No,No,No,No,Yes,Yes,,High Impact,High Impact,High Impact,Some Impact,High Impact,,,,,,,,,,,,4.0,Being the only one that does not know what they are doing and struggling to catch up. ,Woman,Black/African American,18 and younger
Computer Science,Don't recall,Don't recall,Yes,Yes,No,No,Yes,Yes,Some Impact,Some Impact,High Impact,Some Impact,Some Impact,,No,No,No,No,No,Yes,Yes,Yes,Don't recall,Don't recall,not majoring,,,Man,White/Caucasian,18 and younger
Computer Science,No,No,No,Yes,Yes,No,No,No,,,,,,,,,,,,,,,,,,3.0,"It's interesting to learn about the history of coding and how it affected technology for the future, but I'm not sure how I would feel about doing future classes where we type code and solve problems because of how complicated the coding commands can be at times.",Man,White/Caucasian,18 and younger
Computer Science,No,No,Don't recall,Yes,No,No,No,No,No Impact,No Impact,No Impact,No Impact,No Impact,Some Impact,,,,,,,,,,,,4.0,"i was never really interested in computer science back when i took AP comp sci. nothing i did seemed to make sense to me, which took away hope that i would get past the class. when we started doing comp sci at the ccm, everything i did began to add up. it being easier to understand, i started to gain more interest in the subject.",Man,Asian,18 and younger
Computer Science,Yes,No,Yes,No,No,No,No,No,No Impact,High Impact,High Impact,No Impact,High Impact,High Impact,,,,,,,,,,,,4.0,I enjoy this class and would take another in the future,Man,White/Caucasian,18 and younger
Computer Science,No,No,Yes,Yes,Yes,Yes,Yes,Yes,No Impact,High Impact,High Impact,No Impact,No Impact,No Impact,,,,,,,,,,,,4.0,I would be interested in taking another computing class because it could help me in the future with the career I wish to pursue.,Man,Hispanic or Latino,18 and younger
Computer Science,No,No,No,Yes,No,No,No,No,Some Impact,No Impact,No Impact,No Impact,Some Impact,No Impact,,,,,,,,,,,,3.0,I would not be interested because after this class I will have most of what I need to know for mechanical engineering.,Man,Multi-Racial,18 and younger
Computer Science,Don't recall,Don't recall,Don't recall,Don't recall,Don't recall,Don't recall,Don't recall,Don't recall,,,,,,,,,,,,,,,,,,3.0,need a screenshot for professor Stoll,Man,Choose not to reply,18 and younger
Computer Science,No,No,No,Yes,Yes,Yes,Yes,Yes,High Impact,Some Impact,Some Impact,Some Impact,High Impact,High Impact,Yes,Yes,No,No,No,No,No,No,No,No,First Choice,,,I do not identify,Multi-Racial,18 and younger
Computer Science,No,No,No,Yes,No,Don't recall,Yes,Yes,Some Impact,High Impact,,,,Some Impact,Yes,Yes,No,No,No,No,No,Yes,No,No,First Choice,,,Man,Asian,21-24
Computer Science,Yes,Yes,No,Yes,Yes,No,Yes,Yes,No Impact,No Impact,Some Impact,No Impact,Some Impact,No Impact,Yes,No,Yes,No,Yes,Yes,No,Yes,No,Yes,Engineering,,,Man,White/Caucasian,21-24
Web Design,Yes,Don't recall,Don't recall,Yes,Yes,Yes,Yes,Yes,High Impact,High Impact,High Impact,High Impact,High Impact,High Impact,No,Yes,No,No,No,Yes,Yes,No,Yes,No,LIberal Arts,,,Man,Hispanic or Latino,19-20
Web Design,Yes,Yes,Don't recall,Yes,Yes,Yes,Yes,Yes,High Impact,High Impact,Some Impact,Some Impact,High Impact,Some Impact,Yes,Yes,Yes,No,Yes,Don't recall,Don't recall,Don't recall,Don't recall,Don't recall,First Choice,,,Man,Multi-Racial,18 and younger
Web Design,No,Yes,No,No,No,No,No,Yes,High Impact,High Impact,Some Impact,Some Impact,Some Impact,High Impact,Yes,No,Yes,No,Yes,Yes,Don't recall,No,Yes,No,Engineering,,,Man,Hispanic or Latino,18 and younger
Web Design,Yes,Yes,Don't recall,Yes,Yes,Don't recall,Yes,Yes,High Impact,High Impact,High Impact,High Impact,High Impact,High Impact,,,,,,,,,,,,3.0,Im not really exited nor disapointed about taking a computer class.,Woman,Multi-Racial,18 and younger
Web Design,No,No,No,Yes,Yes,Yes,No,No,Some Impact,High Impact,Some Impact,Some Impact,High Impact,Some Impact,No,No,Yes,No,Yes,No,No,No,No,No,First Choice,,,Man,White/Caucasian,21-24
Web Design,Yes,Yes,Don't recall,Yes,Yes,Don't recall,Yes,Yes,High Impact,High Impact,High Impact,Some Impact,Some Impact,High Impact,Yes,Yes,No,Yes,Yes,No,No,Yes,Yes,No,Criminal Justice ,,,Woman,Hispanic or Latino,19-20
Web Design,Yes,No,No,No,No,No,No,No,High Impact,No Impact,High Impact,No Impact,No Impact,No Impact,Yes,No,Yes,Yes,Yes,No,No,Yes,No,No,I wanted to do computer science but changed to certificate for financial reasons.,,,Woman,Multi-Racial,18 and younger
Web Design,No,No,No,No,No,No,Don't recall,Don't recall,High Impact,High Impact,High Impact,Some Impact,,Some Impact,Yes,No,No,No,No,Don't recall,Don't recall,Yes,Don't recall,Don't recall,used to be comp sci then switched to IT,,,Man,White/Caucasian,21-24
Web Design,Yes,No,No,Yes,Yes,Yes,Yes,Yes,High Impact,High Impact,High Impact,High Impact,High Impact,High Impact,Yes,Yes,No,No,Yes,Yes,Yes,No,No,Yes,Game Development,,,Woman,White/Caucasian,19-20
Web Design,No,Yes,No,Yes,Yes,No,Don't recall,Don't recall,Some Impact,High Impact,High Impact,Some Impact,No Impact,Some Impact,,,,,,,,,,,,3.0,"I have taken plenty of computing classes previously when I was an IT major (before I switched to business professional). Although its and interesting topic, I don't think it would be of any use to the profession I am going for currently.",Man,Asian,19-20
Web Design,Yes,Yes,No,Yes,Yes,No,Yes,Yes,High Impact,High Impact,High Impact,High Impact,High Impact,High Impact,Yes,Yes,Yes,No,Yes,No,No,Yes,Yes,Yes,Engineering,,,Man,Asian,19-20
Web Design,Yes,No,Yes,Yes,Yes,No,Yes,No,Some Impact,High Impact,Some Impact,Some Impact,Some Impact,Some Impact,Yes,Yes,Yes,No,No,No,No,No,No,No,First Choice,,,Man,Asian,21-24
Web Design,No,No,No,Yes,No,No,No,No,High Impact,High Impact,High Impact,High Impact,High Impact,Some Impact,Yes,Yes,No,No,No,No,No,Yes,No,No,Engineering,,,Man,Asian,19-20
Web Design,No,No,No,Yes,No,Don't recall,Don't recall,Don't recall,,,,,Some Impact,,Yes,Yes,Yes,Yes,Yes,No,No,No,No,No,First Choice,,,Prefer not to say,Choose not to reply,35-64
Computer Science,No,Yes,Don't recall,Yes,Yes,Yes,Don't recall,No,High Impact,Some Impact,High Impact,No Impact,Some Impact,High Impact,,,,,,,,,,,,3.0,"A lot of medical instruments are becoming more automated. As well as tools, and other pathways I am interested in. ",Woman,White/Caucasian,18 and younger
Web Design,No,No,No,Yes,No,No,No,No,No Impact,No Impact,High Impact,High Impact,No Impact,Some Impact,,,,,,,,,,,,4.0,I am enjoying the online class,Woman,White/Caucasian,35-64
Computer Science,No,No,No,Yes,No,Yes,No,No,,Some Impact,No Impact,,Some Impact,No Impact,Yes,Yes,Yes,No,No,No,No,No,No,No,First Choice,,,Woman,Hispanic or Latino,18 and younger
Computer Science,No,Yes,Yes,Yes,No,No,Yes,Yes,,,High Impact,No Impact,Some Impact,No Impact,Yes,Yes,Yes,No,No,Yes,Yes,No,No,No,First Choice,,,Man,White/Caucasian,18 and younger
Computer Science,No,No,No,Yes,No,No,Yes,Yes,No Impact,No Impact,High Impact,High Impact,No Impact,High Impact,Yes,No,Yes,No,Yes,Yes,No,No,No,No,First Choice,,,Man,Hispanic or Latino,18 and younger
Computer Science,No,No,No,No,No,No,Yes,Yes,,Some Impact,High Impact,Some Impact,No Impact,No Impact,Yes,Yes,Yes,No,No,Yes,Yes,No,No,No,First Choice,,,Woman,White/Caucasian,18 and younger
Computer Science,No,Yes,Yes,Yes,Don't recall,Don't recall,Yes,Yes,,High Impact,High Impact,No Impact,Some Impact,Some Impact,Yes,Yes,No,No,No,Yes,Yes,Yes,Yes,Yes,First Choice,,,Man,Multi-Racial,18 and younger
Computer Science,No,No,No,No,No,No,No,Yes,No Impact,No Impact,High Impact,No Impact,No Impact,Some Impact,Yes,No,Yes,No,Yes,Yes,No,No,No,No,i did not change,,,Man,Multi-Racial,18 and younger
Computer Science,No,No,No,No,No,No,Yes,No,,,,,,,No,Yes,No,No,No,Yes,No,No,No,No,First Choice,,,Man,White/Caucasian,18 and younger
Computer Science,No,No,Yes,Yes,No,No,Yes,Yes,No Impact,Some Impact,High Impact,No Impact,No Impact,High Impact,Yes,No,Yes,No,No,Yes,No,No,No,No,First Choice,,,Woman,Multi-Racial,18 and younger
Computer Science,No,No,Yes,Yes,No,Yes,No,Yes,High Impact,High Impact,High Impact,No Impact,High Impact,Some Impact,Yes,Yes,No,No,No,Yes,No,No,No,No,Engineering,,,Man,Asian,18 and younger
Computer Science,No,No,No,No,No,No,No,No,No Impact,No Impact,Some Impact,No Impact,High Impact,No Impact,No,No,No,No,No,No,No,No,No,No,First Choice,,,Man,White/Caucasian,18 and younger
Computer Science,No,No,No,Yes,No,No,No,No,No Impact,No Impact,High Impact,No Impact,High Impact,No Impact,Yes,No,Yes,No,Yes,No,No,Yes,No,No,,,,Man,Multi-Racial,18 and younger
Computer Science,Yes,No,No,Yes,Yes,No,Yes,Yes,High Impact,High Impact,Some Impact,No Impact,,,Yes,Yes,Yes,Yes,Yes,No,Yes,No,Yes,Yes,I did not change my major,,,Man,Choose not to reply,19-20
Computer Science,No,No,No,Yes,No,No,No,No,No Impact,No Impact,High Impact,No Impact,No Impact,No Impact,Yes,Yes,No,No,No,No,No,No,No,No,First Choice,,,Man,Multi-Racial,18 and younger
Computer Science,No,No,No,Yes,No,No,No,Yes,Some Impact,Some Impact,High Impact,Some Impact,High Impact,Some Impact,Yes,Yes,Yes,No,No,Yes,No,No,No,No,First Choice,,,Woman,White/Caucasian,18 and younger
Computer Science,No,No,No,Yes,Yes,No,No,Yes,No Impact,No Impact,High Impact,No Impact,Some Impact,No Impact,Yes,Yes,No,No,No,Yes,No,No,No,No,First Choice,,,Man,Asian,18 and younger
Computer Science,No,No,No,Yes,No,Yes,Yes,Yes,High Impact,Some Impact,Some Impact,Some Impact,Some Impact,Some Impact,Yes,Yes,Yes,No,No,Yes,No,No,No,Yes,First Choice,,,Man,White/Caucasian,18 and younger
Computer Science,Yes,Don't recall,No,Don't recall,Yes,No,Don't recall,Don't recall,High Impact,High Impact,High Impact,Some Impact,No Impact,High Impact,,,,,,,,,,,,5.0,"It's a career that I study when I just graduated from high school, but I didn't like it and I transfer to another career. But I have always been interested in software programming. ",Man,Hispanic or Latino,35-64
Computer Science,No,No,No,No,Yes,No,Yes,Yes,,Some Impact,High Impact,,,,Yes,Yes,No,No,No,Don't recall,Don't recall,Don't recall,Don't recall,Don't recall,None,,,Man,White/Caucasian,18 and younger
Computer Science,No,No,No,Yes,Yes,No,No,No,High Impact,High Impact,High Impact,No Impact,Some Impact,No Impact,Yes,Yes,No,No,No,No,No,Yes,Yes,No,First Choice,,,Woman,White/Caucasian,19-20
Computer Science,Yes,Yes,Yes,Yes,Yes,Yes,Yes,Yes,High Impact,High Impact,High Impact,High Impact,High Impact,Some Impact,,,,,,,,,,,,1.0,I am taking this class as a requirement for my major. I am unsure as to why this is a requirement for my Early Childhood Education associates degree but it was.,Woman,White/Caucasian,19-20
Computer Science,Don't recall,Don't recall,Don't recall,Don't recall,Don't recall,Yes,Don't recall,Don't recall,High Impact,High Impact,High Impact,Some Impact,No Impact,No Impact,Yes,Yes,No,Yes,Yes,No,No,No,No,Yes,Business,,,Man,White/Caucasian,21-24
Computer Science,No,No,No,Yes,No,No,No,No,High Impact,High Impact,No Impact,No Impact,Some Impact,No Impact,Yes,Yes,Yes,No,Yes,No,No,No,No,No,Criminal Justice,,,Woman,Multi-Racial,19-20
Computer Science,No,No,No,Yes,Yes,Yes,Yes,Yes,High Impact,High Impact,Some Impact,Some Impact,High Impact,No Impact,Yes,Yes,No,No,No,No,No,No,No,No,First Choice,,,Man,Multi-Racial,18 and younger
Computer Science,Don't recall,Don't recall,Don't recall,Don't recall,Don't recall,Don't recall,Yes,Yes,,,,,,,Yes,Yes,Yes,No,Yes,Don't recall,Don't recall,Don't recall,Don't recall,Don't recall,First Choice,,,Prefer not to say,Choose not to reply,18 and younger
Computer Science,No,No,No,No,Yes,No,No,No,High Impact,High Impact,High Impact,No Impact,No Impact,High Impact,,,,,,,,,,,,5.0,Professor is very good.  ,Man,Choose not to reply,35-64
Computer Science,No,No,No,Yes,No,No,Yes,Yes,High Impact,Some Impact,Some Impact,High Impact,No Impact,Some Impact,Yes,Yes,Yes,No,Yes,No,No,No,Yes,Don't recall,First Choice,,,Man,White/Caucasian,19-20
Computer Science,Yes,No,No,Yes,Yes,No,Yes,Yes,Some Impact,No Impact,Some Impact,Some Impact,Some Impact,Some Impact,Yes,Yes,Yes,No,Yes,Yes,Yes,Yes,Yes,Yes,First Choice,,,Woman,Asian,21-24
Programming,No,No,No,Yes,Yes,Yes,Yes,Don't recall,High Impact,High Impact,No Impact,Some Impact,No Impact,No Impact,Yes,Yes,Yes,No,Yes,No,Yes,No,No,No,Architecture Program,,,Man,White/Caucasian,21-24
Computer Science,No,Yes,No,Yes,Yes,No,Yes,Yes,High Impact,High Impact,No Impact,Some Impact,High Impact,Some Impact,,,,,,,,,,,,4.0,"I am a electrical engineering major so I know that I will need to take another computing class in the future but I'm not the best at coding. I want to get better at it, and would like to be able to code for jobs possibly in the future.",Man,White/Caucasian,18 and younger
Computer Science,Yes,Don't recall,No,Yes,No,No,Yes,Yes,High Impact,High Impact,Some Impact,,High Impact,Some Impact,Yes,No,Yes,No,Yes,Don't recall,No,No,No,No,First Choice,,,Non-binary,White/Caucasian,18 and younger
Web Design,No,No,No,Yes,Yes,No,Yes,Yes,High Impact,High Impact,No Impact,No Impact,No Impact,Some Impact,Yes,Yes,No,No,No,No,No,No,No,No,Engineering,,,Woman,Asian,21-24
Web Design,No,Yes,No,Yes,No,Yes,Yes,Yes,High Impact,Some Impact,High Impact,Some Impact,Some Impact,High Impact,Yes,Yes,Yes,Yes,Yes,No,No,Yes,No,No,First Choice,,,Man,Asian,25-34
Web Design,Yes,Yes,Yes,Yes,No,Yes,Yes,Yes,High Impact,High Impact,High Impact,Some Impact,Some Impact,Some Impact,Yes,Yes,Yes,No,Yes,No,No,Yes,Yes,Yes,Criminal Justice,,,Man,White/Caucasian,19-20
Web Design,Yes,Yes,Yes,Yes,Don't recall,Yes,Yes,Yes,High Impact,High Impact,High Impact,Some Impact,High Impact,High Impact,Yes,Yes,Yes,No,No,No,No,No,Yes,Yes,First Choice,,,Man,White/Caucasian,21-24
Web Design,No,No,No,No,Yes,No,No,No,High Impact,High Impact,Some Impact,High Impact,Some Impact,Some Impact,Yes,Yes,Yes,No,Yes,No,No,Yes,Yes,Yes,First Choice,,,Man,Multi-Racial,21-24
Web Design,Yes,No,No,Yes,No,Yes,Yes,Yes,High Impact,High Impact,High Impact,,High Impact,High Impact,Yes,Yes,Yes,No,Yes,No,No,Yes,Yes,Yes,First Choice,,,Man,White/Caucasian,21-24
Web Design,Yes,No,No,Yes,No,No,No,No,High Impact,High Impact,High Impact,Some Impact,High Impact,Some Impact,Yes,Yes,No,No,Yes,No,No,Yes,Yes,No,First Choice,,,Woman,Multi-Racial,21-24
Web Design,No,No,No,Yes,No,No,No,No,High Impact,High Impact,High Impact,No Impact,High Impact,No Impact,Yes,No,Yes,Yes,Yes,No,No,Yes,No,Yes,Computer Science,,,Man,Hispanic or Latino,21-24
Computer Science,Yes,Don't recall,Yes,Yes,Yes,Yes,Yes,Yes,High Impact,High Impact,High Impact,High Impact,High Impact,High Impact,Yes,Yes,No,No,No,No,No,Yes,No,No,Engineering,,,Man,Multi-Racial,21-24
Computer Science,Yes,Don't recall,Don't recall,Don't recall,Don't recall,Don't recall,Don't recall,Don't recall,High Impact,High Impact,High Impact,Some Impact,High Impact,High Impact,Yes,Yes,Yes,No,Yes,No,No,No,Yes,Yes,First Choice,,,Man,Asian,19-20
Web Design,Yes,Don't recall,Don't recall,Yes,Yes,Don't recall,Don't recall,Don't recall,High Impact,High Impact,High Impact,High Impact,High Impact,High Impact,Yes,Yes,Yes,Yes,Yes,Don't recall,Don't recall,Yes,Yes,Yes,First Choice,,,Man,Hispanic or Latino,35-64
Computer Science,Yes,Yes,No,No,No,No,No,No,Some Impact,High Impact,High Impact,,,,,,,,,,,,,,,3.0,i like to work in the computer but i like to work moving around. i do not really like to be sitting down all day in front a computer,Man,Hispanic or Latino,21-24
Computer Science,Yes,No,No,Yes,No,No,Yes,No,High Impact,High Impact,High Impact,High Impact,High Impact,High Impact,Yes,Yes,Yes,Yes,Yes,No,No,No,Yes,Yes,First Choice,,,Man,White/Caucasian,21-24
Computer Science,Yes,No,No,No,No,No,No,No,High Impact,High Impact,No Impact,No Impact,No Impact,Some Impact,Yes,Yes,Yes,No,Yes,No,No,Yes,Yes,No,First Choice,,,Woman,Multi-Racial,19-20
Computer Science,Yes,Yes,No,No,No,No,No,No,Some Impact,Some Impact,High Impact,No Impact,,High Impact,Yes,Yes,Yes,No,No,No,No,No,No,No,First Choice,,,Woman,White/Caucasian,19-20
Computer Science,Don't recall,Don't recall,Don't recall,Don't recall,Don't recall,Don't recall,Don't recall,Yes,High Impact,Some Impact,High Impact,Some Impact,No Impact,Some Impact,Yes,Yes,Yes,Yes,Yes,No,No,No,No,Don't recall,Business,,,Man,Hispanic or Latino,25-34
Computer Science,No,No,No,Yes,No,No,Yes,Yes,High Impact,High Impact,High Impact,High Impact,No Impact,No Impact,,,,,,,,,,,,5.0,I would be interesting to start another class since it would allow me to learn more specific skills in the field.,Man,White/Caucasian,19-20
Computer Science,No,No,No,Yes,Yes,Yes,No,No,High Impact,High Impact,Some Impact,High Impact,High Impact,High Impact,,,,,,,,,,,,3.0,I'm moderately interested but do not need anymore credits,Man,White/Caucasian,21-24
Computer Science,No,No,No,Yes,Yes,Yes,Yes,No,High Impact,Some Impact,Some Impact,Some Impact,High Impact,Some Impact,Yes,Yes,Yes,Yes,Yes,No,No,No,No,No,Business,,,Man,Black/African American,19-20
Computer Science,Yes,No,No,Yes,Yes,Yes,Yes,Yes,High Impact,High Impact,High Impact,High Impact,High Impact,High Impact,Yes,Yes,Yes,No,Yes,Yes,No,Yes,Yes,Yes,First Choice,,,Man,White/Caucasian,19-20
Computer Science,No,No,No,Yes,No,No,No,No,High Impact,High Impact,High Impact,High Impact,,,Yes,No,Yes,No,Yes,No,No,Yes,No,No,First Choice,,,Woman,Asian,25-34
Computer Science,No,No,No,Yes,No,No,No,Don't recall,High Impact,High Impact,High Impact,Some Impact,Some Impact,Some Impact,Yes,Yes,No,No,No,No,No,Yes,No,No,Engineering,,,Man,Asian,19-20
Computer Science,No,No,No,Yes,No,Yes,Yes,Yes,High Impact,Some Impact,Some Impact,Some Impact,Some Impact,No Impact,,,,,,,,,,,,4.0,I'm excited to use this knowledge and apply it toward more advanced projects and applications,Man,Hispanic or Latino,21-24
Computer Science,No,No,No,Yes,No,No,Yes,Yes,High Impact,High Impact,High Impact,High Impact,High Impact,High Impact,,,,,,,,,,,,4.0,I would like to learn how to create video games at some point.,Man,White/Caucasian,25-34
Computer Science,Yes,No,No,No,No,No,No,No,High Impact,High Impact,High Impact,No Impact,No Impact,Some Impact,Yes,Yes,No,No,No,No,No,Yes,No,No,First Choice,,,Man,Asian,19-20
Computer Science,No,No,No,Yes,Yes,Yes,Yes,Yes,High Impact,High Impact,Some Impact,Some Impact,Some Impact,Some Impact,,,,,,,,,,,,2.0,"It is a bit irrelevant for what I am studying, and I am not very good at it.",Man,Hispanic or Latino,19-20
Computer Science,No,No,No,Yes,No,No,Yes,Yes,High Impact,High Impact,High Impact,High Impact,Some Impact,No Impact,,,,,,,,,,,,5.0,I would be interested in taking more computing classes since I could learn more specific skills in the field.,Man,White/Caucasian,19-20
Computer Science,No,No,No,No,Yes,Yes,No,No,Some Impact,High Impact,Some Impact,High Impact,,,Yes,Yes,No,No,No,No,No,Yes,Yes,No,First Choice,,,Prefer not to say,Choose not to reply,21-24
Computer Science,No,No,No,No,No,No,No,No,High Impact,High Impact,Some Impact,Some Impact,No Impact,Some Impact,No,No,No,No,Yes,No,No,Yes,No,No,Photography,,,Man,White/Caucasian,65+
Computer Science,Yes,No,No,Yes,Yes,Yes,Yes,Yes,High Impact,High Impact,High Impact,High Impact,Some Impact,High Impact,,,,,,,,,,,,4.0,I enjoy working on computers and it is a great skill for every job,Man,White/Caucasian,19-20
Programming,Don't recall,Don't recall,Don't recall,Don't recall,Don't recall,Don't recall,Don't recall,Yes,High Impact,High Impact,High Impact,High Impact,High Impact,High Impact,Yes,Yes,Yes,Yes,Yes,No,No,Yes,Yes,Yes,First Choice,,,Man,Multi-Racial,25-34
Programming,No,Yes,No,Yes,Yes,Yes,Yes,Yes,Some Impact,High Impact,High Impact,High Impact,High Impact,No Impact,Yes,Yes,Yes,Yes,Yes,Yes,Yes,Yes,Yes,Yes,Business,,,Man,Black/African American,18 and younger
Programming,Yes,No,No,No,No,No,No,No,Some Impact,No Impact,No Impact,Some Impact,No Impact,Some Impact,Yes,Yes,Yes,No,Yes,No,No,Yes,Yes,Yes,First Choice,,,Man,White/Caucasian,21-24
Programming,No,No,No,No,No,No,Yes,Yes,High Impact,High Impact,Some Impact,No Impact,No Impact,Some Impact,,,,,,,,,,,,2.0,Does not really pertain to my major ,Man,Hispanic or Latino,19-20
Programming,No,No,No,Yes,Yes,Yes,No,No,Some Impact,High Impact,Some Impact,Some Impact,Some Impact,Some Impact,,,,,,,,,,,,5.0,I am a computer engineering major so naturally I am interested in programming.,Man,Hispanic or Latino,21-24
IT Introduction,No,No,No,Yes,No,No,No,Yes,High Impact,High Impact,High Impact,No Impact,No Impact,Some Impact,Yes,Yes,Yes,No,Yes,No,No,Yes,Yes,Yes,Business,,,Man,White/Caucasian,18 and younger
Programming,Don't recall,No,No,No,No,No,Yes,Yes,High Impact,High Impact,Some Impact,,,Some Impact,Yes,Yes,No,No,No,Yes,Yes,Don't recall,No,No,First Choice,,,Man,White/Caucasian,19-20
Programming,Yes,No,No,Yes,Yes,Yes,Yes,Yes,Some Impact,High Impact,No Impact,Some Impact,High Impact,Some Impact,Yes,Yes,Yes,No,Yes,Don't recall,Don't recall,No,No,No,First Choice,,,Man,White/Caucasian,18 and younger
Programming,No,No,No,Yes,No,No,Yes,Yes,High Impact,High Impact,High Impact,No Impact,High Impact,High Impact,Yes,Yes,Yes,No,No,Yes,No,No,Yes,No,First Choice,,,Man,White/Caucasian,19-20
Programming,No,No,No,Yes,No,No,No,No,High Impact,Some Impact,No Impact,No Impact,Some Impact,Some Impact,Yes,Yes,No,No,Yes,No,No,No,No,No,First Choice,,,Man,Hispanic or Latino,18 and younger
Programming,No,No,No,Yes,No,No,No,Yes,High Impact,High Impact,High Impact,No Impact,Some Impact,High Impact,,,,,,,,,,,,5.0,I want to switch my major to computer science and pursue a degree/ career in comp sci,Man,White/Caucasian,25-34
Programming,No,No,No,Yes,No,No,Yes,Yes,High Impact,Some Impact,No Impact,No Impact,High Impact,Some Impact,Yes,Yes,Yes,Yes,Yes,No,No,Yes,Don't recall,Don't recall,LIberal Arts,,,Woman,White/Caucasian,19-20
Computer Science,No,No,No,Yes,Yes,Yes,Yes,Yes,High Impact,High Impact,Some Impact,High Impact,Some Impact,Some Impact,Yes,Yes,Yes,No,Yes,No,Yes,Don't recall,Yes,Yes,First Choice,,,Man,Multi-Racial,19-20
Computer Science,Yes,No,No,No,No,Yes,No,No,Some Impact,Some Impact,Some Impact,Some Impact,Some Impact,Some Impact,,,,,,,,,,,,4.0,Well help me in my field of engineering and using robotics.,Man,White/Caucasian,21-24
Computer Science,No,No,No,Yes,No,Yes,No,No,High Impact,High Impact,High Impact,,Some Impact,,Yes,Yes,No,No,No,No,Yes,No,Don't recall,Don't recall,First Choice,,,Man,Hispanic or Latino,18 and younger
Computer Science,No,No,No,Yes,No,No,No,No,High Impact,Some Impact,No Impact,No Impact,No Impact,No Impact,Yes,Yes,No,No,No,No,No,No,No,No,First Choice,,,Man,White/Caucasian,19-20
Computer Science,No,No,No,Yes,No,No,No,No,Some Impact,Some Impact,Some Impact,High Impact,Some Impact,High Impact,Yes,Yes,Yes,No,No,No,No,Yes,No,No,Business,,,Man,White/Caucasian,21-24
IT Introduction,Yes,No,No,Yes,No,No,No,No,High Impact,High Impact,High Impact,High Impact,High Impact,High Impact,Yes,Yes,Yes,Yes,Yes,No,No,Yes,Yes,Yes,First Choice,,,Man,White/Caucasian,21-24
IT Introduction,Yes,Yes,Yes,Yes,Yes,Yes,Yes,Yes,Some Impact,Some Impact,Some Impact,Some Impact,Some Impact,Some Impact,Yes,No,Yes,Yes,Yes,Yes,Yes,Yes,Yes,Yes,First Choice,,,Man,Asian,18 and younger
IT Introduction,Don't recall,Don't recall,Don't recall,Don't recall,Don't recall,Don't recall,Don't recall,Don't recall,High Impact,,,,,,Yes,Yes,No,No,No,Yes,Yes,Yes,Yes,No,Science,,,Woman,Asian,19-20
Programming,Yes,No,No,Yes,No,No,No,No,High Impact,Some Impact,High Impact,No Impact,No Impact,Some Impact,Yes,Yes,No,No,No,No,No,Yes,No,No,First Choice,,,Non-binary,White/Caucasian,19-20
Programming,Yes,No,No,Yes,No,No,No,Yes,High Impact,High Impact,No Impact,No Impact,No Impact,No Impact,Yes,Yes,No,No,No,Don't recall,Don't recall,Don't recall,Don't recall,Don't recall,Engineering,,,Woman,Asian,21-24
IT Introduction,Yes,No,No,No,Yes,No,No,No,Some Impact,Some Impact,Some Impact,Some Impact,Some Impact,,Yes,Yes,Yes,Yes,Yes,Yes,Yes,Yes,No,No,First Choice,,,Man,Hispanic or Latino,18 and younger
Programming,No,No,No,Yes,Yes,Yes,Yes,No,Some Impact,High Impact,No Impact,No Impact,Some Impact,No Impact,Yes,Yes,No,No,No,No,Yes,No,No,No,First Choice,,,Man,Asian,18 and younger
Programming,No,No,No,Yes,No,No,No,Yes,High Impact,Some Impact,Some Impact,Some Impact,High Impact,No Impact,Yes,Yes,Yes,No,No,Yes,No,No,No,Yes,First Choice,,,Man,Hispanic or Latino,18 and younger
Programming,Yes,Yes,Don't recall,Yes,Don't recall,Yes,Yes,Don't recall,High Impact,High Impact,High Impact,No Impact,No Impact,Some Impact,Yes,Yes,Yes,Yes,Yes,Don't recall,Yes,Yes,Yes,Don't recall,LIberal Arts,,,Woman,White/Caucasian,25-34
Programming,No,No,No,Yes,No,Don't recall,Yes,Yes,High Impact,High Impact,,,,,Yes,Yes,No,No,No,Don't recall,Don't recall,Don't recall,Don't recall,Yes,First Choice,,,Man,Choose not to reply,19-20
Programming,No,No,No,No,No,No,No,Yes,High Impact,High Impact,Some Impact,Some Impact,No Impact,Some Impact,Yes,No,Yes,No,No,No,No,No,No,No,Engineering,,,Man,Hispanic or Latino,18 and younger
Programming,No,No,No,No,No,No,No,No,Some Impact,Some Impact,Some Impact,Some Impact,Some Impact,Some Impact,Yes,Yes,Yes,Yes,Yes,No,No,No,No,No,First Choice,,,Non-binary,Asian,19-20
Programming,No,No,No,Yes,No,No,No,No,High Impact,Some Impact,No Impact,No Impact,High Impact,Some Impact,Yes,Yes,No,No,No,No,No,Yes,Yes,Yes,First Choice,,,Man,White/Caucasian,19-20
Programming,Yes,Don't recall,No,Yes,Yes,No,Yes,Yes,High Impact,High Impact,High Impact,High Impact,High Impact,High Impact,Yes,Yes,Yes,Yes,Yes,Don't recall,Don't recall,Don't recall,Don't recall,Don't recall,Engineering,,,Man,Multi-Racial,35-64
Programming,Yes,No,Yes,Yes,Yes,Yes,Yes,Yes,Some Impact,High Impact,High Impact,High Impact,High Impact,Some Impact,Yes,Yes,Yes,No,No,Yes,No,Yes,No,No,LIberal Arts,,,Woman,Hispanic or Latino,19-20
Programming,No,No,No,Yes,Yes,Yes,No,No,High Impact,High Impact,No Impact,No Impact,Some Impact,No Impact,Yes,No,No,No,No,No,No,Yes,Yes,No,First Choice,,,Man,Hispanic or Latino,18 and younger
Computer Science,Yes,No,Yes,Yes,No,No,Yes,Yes,High Impact,High Impact,High Impact,High Impact,High Impact,High Impact,,,,,,,,,,,,3.0,I am interested in coding however it is not what I would like to do permanently and like to focus on other things.  ,Man,White/Caucasian,19-20
Computer Science,Don't recall,Don't recall,Don't recall,Don't recall,Yes,No,Don't recall,Don't recall,High Impact,High Impact,High Impact,High Impact,,High Impact,,,,,,,,,,,,3.0,"It is not my major, just something I enjoy learning about",Man,Multi-Racial,25-34
IT Introduction,Yes,Yes,No,Yes,No,No,No,Yes,High Impact,High Impact,High Impact,No Impact,No Impact,High Impact,Yes,Yes,Yes,Yes,Yes,No,No,Yes,No,Yes,Business,,,Man,White/Caucasian,18 and younger
Programming,No,No,No,No,No,No,No,No,High Impact,No Impact,No Impact,No Impact,No Impact,No Impact,No,Yes,No,No,No,No,No,No,No,No,First Choice,,,Woman,Asian,21-24
Programming,Yes,Yes,No,Yes,No,Yes,No,No,High Impact,High Impact,High Impact,Some Impact,High Impact,High Impact,Yes,Yes,No,No,No,No,No,No,No,No,First Choice,,,Man,White/Caucasian,21-24
Programming,No,No,No,Yes,Yes,No,No,Yes,High Impact,Some Impact,High Impact,No Impact,Some Impact,No Impact,Yes,No,Yes,No,No,No,No,No,No,No,First Choice,,,Man,White/Caucasian,18 and younger
Computer Science,No,No,No,Yes,No,No,No,No,Some Impact,Some Impact,Some Impact,Some Impact,Some Impact,No Impact,,,,,,,,,,,,3.0,Following my Business Admin degree and took this course for fun and to satisfy my elective requirement.,Man,White/Caucasian,21-24
Programming,Yes,Don't recall,Don't recall,Don't recall,Don't recall,Don't recall,Don't recall,Don't recall,No Impact,No Impact,No Impact,No Impact,,,,,,,,,,,,,,4.0,I like the problem solving aspect when writing programs ,Man,Choose not to reply,19-20
Computer Science,Don't recall,Don't recall,Don't recall,Don't recall,Don't recall,Don't recall,Don't recall,Don't recall,High Impact,High Impact,,High Impact,,,Yes,Yes,Yes,Yes,Yes,No,No,No,No,No,Engineering,,,Woman,Hispanic or Latino,35-64
Programming,Yes,No,No,No,No,Yes,No,No,High Impact,High Impact,Some Impact,High Impact,High Impact,Some Impact,Yes,No,Yes,Yes,No,Don't recall,No,Yes,No,No,Science,,,Woman,Multi-Racial,19-20
Programming,Yes,No,No,Yes,No,No,No,No,High Impact,High Impact,Some Impact,No Impact,Some Impact,High Impact,,,,,,,,,,,,4.0,I’m interested because I want to use some computing skills into my field of study. Also the bachelor I’m pursuing in business is related to coding ,Woman,Hispanic or Latino,19-20
Programming,Yes,No,No,No,No,No,No,No,High Impact,Some Impact,High Impact,High Impact,No Impact,Some Impact,Yes,Yes,Yes,Yes,Yes,No,No,Yes,No,No,Nursing,,,Woman,Hispanic or Latino,35-64
Programming,No,No,No,No,No,No,No,No,High Impact,High Impact,Some Impact,No Impact,No Impact,Some Impact,,,,,,,,,,,,4.0,To learn more of the capabilities of Python.,Man,White/Caucasian,65+
IT Introduction,No,No,No,Yes,Yes,No,No,No,High Impact,High Impact,High Impact,High Impact,High Impact,High Impact,Yes,Yes,Yes,Yes,Yes,No,No,No,Yes,Yes,First Choice,,,Man,Hispanic or Latino,35-64
IT Introduction,No,No,No,Yes,Yes,No,No,No,High Impact,High Impact,High Impact,High Impact,High Impact,High Impact,Yes,Yes,No,Yes,Yes,No,No,Yes,Yes,Yes,First Choice,,,Man,Hispanic or Latino,35-64
Computer Science,No,No,No,Yes,No,No,Yes,No,High Impact,High Impact,Some Impact,No Impact,No Impact,Some Impact,Yes,No,Yes,No,Yes,Yes,No,No,No,No,First Choice,,,Man,White/Caucasian,18 and younger
Programming,No,No,No,Yes,No,No,No,No,Some Impact,High Impact,High Impact,High Impact,Some Impact,High Impact,Yes,Yes,No,No,Yes,No,No,No,No,No,Business,,,Man,Black/African American,18 and younger
IT Introduction,Yes,Yes,Yes,Yes,Yes,No,Yes,Yes,High Impact,High Impact,High Impact,High Impact,High Impact,High Impact,Yes,Yes,No,No,Yes,Don't recall,Don't recall,Yes,Yes,Yes,First Choice,,,Man,Multi-Racial,21-24
Programming,Yes,Yes,Yes,Yes,Yes,Yes,Yes,Yes,High Impact,High Impact,High Impact,High Impact,High Impact,High Impact,Yes,Yes,Yes,Yes,Yes,No,No,Yes,No,Yes,First Choice,,,Man,Multi-Racial,21-24
Computer Science,No,No,No,Yes,No,No,Yes,Yes,High Impact,High Impact,Some Impact,No Impact,No Impact,Some Impact,No,No,No,No,No,Yes,Yes,No,No,No,First Choice,,,Man,Asian,19-20
Computer Science,Don't recall,Don't recall,Don't recall,Don't recall,Yes,Don't recall,Don't recall,Don't recall,No Impact,No Impact,High Impact,No Impact,No Impact,No Impact,No,Yes,Yes,No,No,No,No,No,No,No,LIberal Arts,,,Man,White/Caucasian,25-34
Computer Science,No,No,Yes,Yes,No,Yes,Yes,Yes,High Impact,High Impact,Some Impact,Some Impact,High Impact,Some Impact,Yes,Yes,No,No,No,No,No,Yes,No,No,Engineering,,,Man,Multi-Racial,21-24
Computer Science,Yes,No,No,No,No,No,No,No,High Impact,High Impact,High Impact,No Impact,No Impact,No Impact,,,,,,,,,,,,5.0,I want to do more coding but with C++,Man,White/Caucasian,25-34
Web Design,Yes,No,No,Yes,No,No,No,No,High Impact,High Impact,High Impact,,High Impact,High Impact,Yes,Yes,Yes,Yes,Yes,No,No,No,No,Yes,First Choice,,,Man,Black/African American,35-64
Computer Science,Yes,Don't recall,No,Yes,No,No,Yes,Don't recall,No Impact,,High Impact,Some Impact,High Impact,,Yes,Yes,Yes,No,Yes,Yes,Don't recall,No,Don't recall,Yes,Business,,,Woman,Multi-Racial,21-24
Web Design,Yes,Yes,No,Yes,No,No,No,Yes,High Impact,High Impact,High Impact,High Impact,Some Impact,Some Impact,Yes,Yes,No,No,No,No,No,Yes,Don't recall,No,First Choice,,,Woman,Hispanic or Latino,18 and younger
Web Design,Yes,No,No,Yes,No,No,No,No,Some Impact,High Impact,Some Impact,High Impact,No Impact,No Impact,Yes,No,Yes,No,No,No,No,No,No,No,First Choice,,,Non-binary,White/Caucasian,19-20
Web Design,Yes,No,Don't recall,Yes,Yes,No,Yes,Yes,High Impact,Some Impact,No Impact,No Impact,No Impact,Some Impact,Yes,Yes,Yes,No,No,Yes,No,No,No,No,First Choice,,,Woman,Hispanic or Latino,19-20
Web Design,Yes,Yes,No,Yes,No,No,Yes,Yes,Some Impact,Some Impact,,Some Impact,No Impact,No Impact,Yes,Yes,No,No,No,No,No,No,No,No,First Choice,,,Man,White/Caucasian,18 and younger
,No,No,No,Yes,Yes,Yes,Yes,Yes,Some Impact,No Impact,No Impact,No Impact,Some Impact,Some Impact,Yes,Yes,No,No,No,Yes,Yes,No,No,No,First Choice,,,Man,Multi-Racial,19-20
Computer Science,Yes,No,No,Yes,Yes,No,Yes,Yes,No Impact,No Impact,No Impact,No Impact,No Impact,No Impact,Yes,Yes,Yes,Yes,Yes,No,No,Yes,No,No,First Choice,,,Man,Hispanic or Latino,19-20
Computer Science,No,No,Yes,No,Yes,No,Yes,Yes,No Impact,High Impact,No Impact,No Impact,Some Impact,No Impact,Yes,Yes,Yes,Yes,No,No,No,No,No,No,Engineering,,,Man,Hispanic or Latino,21-24
Computer Science,No,No,No,Yes,Yes,Yes,No,No,High Impact,Some Impact,High Impact,No Impact,No Impact,Some Impact,Yes,Yes,Yes,Yes,Yes,No,No,No,No,No,First Choice,,,Man,White/Caucasian,19-20
Computer Science,No,No,No,Yes,Yes,No,No,No,High Impact,High Impact,High Impact,No Impact,No Impact,High Impact,,,,,,,,,,,,3.0,It’s not necessarily a requirement for my major ,Woman,Black/African American,19-20
Computer Science,No,Don't recall,Yes,Don't recall,Yes,No,No,Yes,No Impact,No Impact,High Impact,No Impact,No Impact,No Impact,,,,,,,,,,,,4.0,I do find coding interesting and I would like to learn more. The reason that it is not at a 5 is that I don’t know how much I’m going to enjoy the course yet as there haven’t been too many classes.,Man,White/Caucasian,18 and younger
Computer Science,Don't recall,Don't recall,Don't recall,Don't recall,Yes,Don't recall,Don't recall,Don't recall,Some Impact,High Impact,No Impact,High Impact,No Impact,Some Impact,Yes,Yes,Yes,Yes,Yes,No,No,No,No,No,First Choice,,,Man,Hispanic or Latino,35-64
Computer Science,Yes,Don't recall,Don't recall,Yes,Yes,Don't recall,Yes,Yes,High Impact,High Impact,High Impact,High Impact,Some Impact,Some Impact,,,,,,,,,,,,1.0,"i don’t see a reason in needing to take this class for nursing 
computers just seem boring ",Woman,White/Caucasian,19-20
,Don't recall,No,No,No,Yes,No,No,No,High Impact,High Impact,High Impact,High Impact,No Impact,No Impact,Yes,Yes,Yes,Yes,Yes,No,No,Yes,No,No,Science,,,Man,Black/African American,35-64
Computer Science,No,No,No,No,No,Yes,Yes,No,High Impact,Some Impact,Some Impact,No Impact,High Impact,High Impact,Yes,Yes,Yes,No,No,No,No,Yes,No,No,First Choice,,,Man,White/Caucasian,19-20
Computer Science,No,No,Yes,Yes,Yes,Yes,Yes,Yes,High Impact,High Impact,High Impact,High Impact,High Impact,Some Impact,Yes,Yes,No,Yes,Yes,No,No,Yes,No,No,First Choice,,,Man,Choose not to reply,21-24
Computer Science,No,No,Yes,Yes,Yes,No,Yes,Yes,High Impact,High Impact,Some Impact,Some Impact,Some Impact,No Impact,Yes,No,Yes,Yes,Yes,Yes,No,No,No,No,LIberal Arts,,,Woman,Asian,18 and younger
Computer Science,Yes,Yes,No,Yes,Yes,Don't recall,Yes,Yes,High Impact,High Impact,High Impact,Some Impact,,,,,,,,,,,,,,4.0,It almost like a coding class. I like learning new things.,Man,Hispanic or Latino,18 and younger
Computer Science,Yes,Yes,No,Yes,Yes,Yes,Yes,Yes,High Impact,High Impact,Some Impact,High Impact,High Impact,High Impact,Yes,Yes,Yes,Yes,Yes,Don't recall,Don't recall,Yes,Yes,Yes,First Choice,,,Man,Hispanic or Latino,21-24
Computer Science,No,No,Yes,No,No,No,Yes,Yes,,,,,,,,,,,,,,,,,,5.0,"I am very interested in taking computer science courses as I want to make games in the future. Though I want to mainly focus on the art aspect of video games, I would also like to learn how to code and be able to make them myself. ",Woman,Multi-Racial,18 and younger
Computer Science,No,No,Yes,Yes,Yes,Yes,Yes,Yes,High Impact,High Impact,High Impact,,,Some Impact,Yes,Yes,No,Yes,Yes,Yes,No,No,No,No,Engineering,,,Man,Asian,18 and younger
Computer Science,Yes,No,Yes,Yes,Yes,No,Yes,Yes,High Impact,High Impact,High Impact,High Impact,High Impact,High Impact,,,,,,,,,,,,5.0,Its a great skill to have in engineering also I always was fascinated with technology as a kid.,Man,Hispanic or Latino,25-34
Computer Science,Yes,Yes,No,No,No,No,Yes,No,High Impact,High Impact,Some Impact,,,No Impact,,,,,,,,,,,,3.0,"All I would like to do is have a basic knowledge of computer parts and understand how they are being used to operate the digital system, also to find out computer parts are compatible with one another and how they perform with said parts. ",Man,White/Caucasian,19-20
Computer Science,Yes,Yes,Yes,Yes,Yes,Yes,No,No,High Impact,High Impact,No Impact,No Impact,No Impact,No Impact,Yes,Yes,Yes,No,Yes,No,No,No,No,No,First Choice,,,Woman,Asian,19-20
Computer Science,No,Yes,No,Yes,No,Yes,Yes,Yes,Some Impact,No Impact,Some Impact,No Impact,High Impact,No Impact,Yes,Yes,No,No,No,No,No,No,Yes,Yes,First Choice,,,Man,White/Caucasian,18 and younger
Computer Science,No,Yes,No,Yes,No,Yes,Yes,Yes,High Impact,High Impact,High Impact,Some Impact,High Impact,High Impact,Yes,Yes,Yes,No,Yes,Yes,Yes,Yes,Yes,Yes,First Choice,,,Man,White/Caucasian,19-20
Computer Science,Yes,No,No,Yes,Yes,No,No,No,High Impact,Some Impact,High Impact,Some Impact,No Impact,Some Impact,,,,,,,,,,,,3.0,Not really into making websites and code more into working with circuits or building parts.  ,Man,White/Caucasian,19-20
Computer Science,No,No,No,No,Yes,No,No,No,High Impact,High Impact,High Impact,No Impact,Some Impact,No Impact,,,,,,,,,,,,3.0,"It could be interesting and useful, but there are other subjects I want to focus on studying. ",Prefer not to say,White/Caucasian,19-20
Computer Science,Yes,Don't recall,Don't recall,Don't recall,Don't recall,Don't recall,Don't recall,Don't recall,High Impact,High Impact,High Impact,High Impact,,High Impact,Yes,Yes,Yes,No,Yes,No,No,Yes,Yes,Yes,First Choice,,,Man,White/Caucasian,25-34
Computer Science,No,Yes,Yes,Yes,Yes,No,Yes,No,No Impact,Some Impact,No Impact,No Impact,Some Impact,Some Impact,,,,,,,,,,,,3.0,I’m taking engineering classes as a back up to my career choice,Man,White/Caucasian,18 and younger
Computer Science,Yes,Yes,Don't recall,Yes,No,Don't recall,Don't recall,Yes,No Impact,Some Impact,High Impact,No Impact,No Impact,High Impact,Yes,No,Yes,Yes,Yes,Yes,No,Yes,Yes,Yes,First Choice,,,Man,White/Caucasian,18 and younger
Computer Science,No,Yes,No,Yes,Yes,Yes,Yes,Yes,High Impact,High Impact,No Impact,No Impact,High Impact,High Impact,,,,,,,,,,,,4.0,I would be interested because i am able to work with computers from anywhere and i would like to be able to travel,Man,White/Caucasian,18 and younger
Computer Science,Yes,No,No,No,No,No,Yes,Yes,High Impact,High Impact,Some Impact,No Impact,No Impact,,,,,,,,,,,,,3.0,"Depending on if I enjoy this class, I would take more of these classes",Man,White/Caucasian,18 and younger
Computer Science,No,No,No,No,No,No,No,No,Some Impact,High Impact,Some Impact,High Impact,Some Impact,Some Impact,Yes,No,No,Yes,Yes,No,No,No,No,No,Business,,,Woman,Choose not to reply,25-34
Computer Science,No,No,No,Yes,Yes,No,Yes,Yes,High Impact,High Impact,High Impact,High Impact,Some Impact,High Impact,,,,,,,,,,,,3.0,"im not sure becuase i havent been taken a computing class til now 
",Man,Choose not to reply,19-20
Computer Science,Yes,Yes,No,Yes,Yes,Yes,Yes,No,High Impact,Some Impact,Some Impact,Some Impact,Some Impact,Some Impact,,,,,,,,,,,,3.0,I took this class because it is required and I chose 3 because on the first day the class sparked some interest,Man,White/Caucasian,19-20
Computer Science,No,No,No,Yes,No,No,Yes,Yes,High Impact,High Impact,Some Impact,Some Impact,No Impact,Some Impact,Yes,Yes,No,No,No,No,Yes,No,No,No,First Choice,,,Man,White/Caucasian,19-20
Computer Science,Yes,Yes,Yes,Yes,Yes,Yes,Yes,Yes,No Impact,No Impact,No Impact,No Impact,No Impact,No Impact,Yes,Yes,Yes,Yes,Yes,No,No,No,No,No,no,,,Man,Hispanic or Latino,18 and younger
Computer Science,No,Yes,Yes,Yes,No,No,No,No,High Impact,Some Impact,High Impact,Some Impact,High Impact,High Impact,Yes,Yes,No,Yes,Yes,No,No,Yes,No,Yes,First Choice,,,Man,White/Caucasian,19-20
Computer Science,No,No,No,Yes,Yes,Yes,No,No,High Impact,Some Impact,High Impact,Some Impact,Some Impact,No Impact,Yes,Yes,No,No,Yes,No,No,No,No,No,First Choice,,,Man,Asian,25-34
Computer Science,No,Don't recall,No,Yes,No,Yes,Don't recall,No,Some Impact,High Impact,High Impact,No Impact,No Impact,High Impact,Yes,Yes,Yes,No,Yes,No,Don't recall,Don't recall,Don't recall,No,First Choice,,,Man,White/Caucasian,19-20
Computer Science,No,Yes,No,No,No,No,Yes,Yes,,,,,,,,,,,,,,,,,,4.0,I am a high school senior taking courses at CCM for college credit so I have not decided my major yet. Taking a computer science course will show me if I want to pursue this and if I enjoy it I would definitely be interested in taking more computer science courses. ,Man,Asian,18 and younger
Computer Science,Yes,Yes,No,Yes,Yes,Yes,Yes,No,No Impact,Some Impact,No Impact,No Impact,No Impact,Some Impact,,,,,,,,,,,,5.0,I love computers and coding. I'm always interested in learning more about coding and different languages and technology,Man,Asian,19-20
Computer Science,Yes,No,No,Yes,No,No,No,No,High Impact,High Impact,High Impact,Some Impact,High Impact,High Impact,Yes,Yes,Yes,No,No,No,No,Yes,Yes,No,First Choice,,,Woman,Hispanic or Latino,21-24
Computer Science,Yes,No,No,Yes,No,No,Yes,No,High Impact,High Impact,High Impact,No Impact,Some Impact,High Impact,Yes,Yes,Yes,No,No,No,No,No,Yes,Yes,First Choice,,,Man,White/Caucasian,18 and younger
Computer Science,No,No,No,No,No,No,No,No,High Impact,High Impact,Some Impact,No Impact,No Impact,No Impact,Yes,Yes,No,Yes,No,No,No,No,No,No,First Choice,,,Man,White/Caucasian,19-20
Computer Science,No,No,No,Yes,No,Yes,No,No,High Impact,High Impact,High Impact,No Impact,No Impact,Some Impact,No,Yes,Yes,No,Yes,No,No,No,No,No,First Choice,,,Man,Hispanic or Latino,19-20
Computer Science,Don't recall,Don't recall,Don't recall,Don't recall,Don't recall,Don't recall,Don't recall,Yes,High Impact,High Impact,No Impact,No Impact,No Impact,No Impact,,,,,,,,,,,,3.0,If it cost a lot of money,Man,Hispanic or Latino,21-24
Computer Science,No,No,No,Yes,Yes,No,No,No,High Impact,Some Impact,No Impact,Some Impact,Some Impact,No Impact,Yes,Yes,Yes,Yes,Yes,No,No,Yes,No,No,Science,,,Woman,Multi-Racial,21-24
Computer Science,No,No,No,Yes,No,No,Yes,Yes,High Impact,High Impact,High Impact,High Impact,High Impact,Some Impact,Yes,Yes,No,No,No,Yes,Yes,Yes,Yes,Yes,First Choice,,,Man,White/Caucasian,19-20
Computer Science,Yes,No,No,No,Yes,No,No,No,High Impact,High Impact,No Impact,No Impact,No Impact,No Impact,,,,,,,,,,,,2.0,It is not necessary towards my degree and I plan on transferring after this fall semester.,Man,White/Caucasian,21-24
Computer Science,No,No,No,No,Yes,No,No,Yes,High Impact,High Impact,High Impact,High Impact,,Some Impact,Yes,Yes,Yes,No,Yes,Yes,Yes,No,Don't recall,Don't recall,Computer programming,,,Man,Hispanic or Latino,25-34
Computer Science,Yes,No,No,Yes,No,Yes,No,No,High Impact,Some Impact,Some Impact,No Impact,No Impact,Some Impact,Yes,Yes,No,Yes,Yes,No,No,No,Yes,No,First Choice,,,Man,White/Caucasian,25-34
Computer Science,No,No,No,No,No,No,Yes,No,High Impact,,,,,,Yes,Yes,Yes,Yes,Yes,Yes,Don't recall,Don't recall,Don't recall,Don't recall,Science,,,Man,Asian,18 and younger
Computer Science,Yes,No,No,Yes,No,No,No,No,No Impact,Some Impact,Some Impact,No Impact,Some Impact,No Impact,,,,,,,,,,,,4.0,I enjoy working with computers.,Non-binary,White/Caucasian,18 and younger
Computer Science,No,No,No,No,Yes,No,Yes,Yes,No Impact,No Impact,No Impact,No Impact,No Impact,No Impact,Yes,Yes,Yes,Yes,Yes,No,No,No,No,No,Business,,,Woman,Native American,18 and younger
Programming,Don't recall,Don't recall,Yes,Yes,Don't recall,Yes,Yes,No,High Impact,No Impact,No Impact,No Impact,Some Impact,High Impact,No,No,No,Yes,No,No,No,No,No,No,LIberal Arts,,,Woman,White/Caucasian,25-34
Programming,Yes,No,No,Yes,Yes,No,Yes,No,High Impact,High Impact,Some Impact,No Impact,No Impact,No Impact,Yes,Yes,No,No,No,No,No,No,Yes,No,First Choice,,,Man,Asian,18 and younger
Programming,Yes,Yes,No,Yes,No,Yes,Yes,Yes,High Impact,High Impact,High Impact,Some Impact,Some Impact,High Impact,,,,,,,,,,,,4.0,I want to learn more specific skills to make myself more marketable when I graduate.,Man,White/Caucasian,21-24
Programming,No,No,No,Yes,Yes,Yes,No,No,High Impact,Some Impact,Some Impact,No Impact,High Impact,,Yes,Yes,No,No,No,No,No,No,No,No,First Choice,,,Man,Multi-Racial,19-20
Programming,No,No,No,Yes,No,No,No,Yes,Some Impact,Some Impact,High Impact,No Impact,High Impact,Some Impact,Yes,Yes,Yes,No,No,Yes,No,No,Yes,Yes,First Choice,,,Man,Black/African American,19-20
Programming,Yes,Yes,No,Yes,No,No,No,No,High Impact,High Impact,Some Impact,Some Impact,High Impact,Some Impact,Yes,Yes,Yes,Yes,Yes,No,No,Yes,Yes,Yes,First Choice,,,Woman,Asian,25-34
Programming,No,No,No,No,No,Yes,No,No,High Impact,High Impact,High Impact,No Impact,High Impact,,No,Yes,Yes,Yes,Yes,No,No,No,Yes,No,First Choice,,,Man,Asian,21-24
Programming,Yes,No,No,Yes,Yes,No,No,No,High Impact,High Impact,High Impact,Some Impact,High Impact,High Impact,Yes,Yes,No,No,No,No,No,Yes,Yes,Yes,First Choice,,,Man,Choose not to reply,21-24
Programming,Yes,No,No,Yes,Yes,No,No,No,Some Impact,Some Impact,Some Impact,Some Impact,Some Impact,Some Impact,Yes,Yes,Yes,Yes,Yes,No,No,Yes,No,No,changed from wanting to coach to IT,,,Man,Hispanic or Latino,21-24
Programming,No,No,No,Yes,Yes,Yes,No,No,Some Impact,Some Impact,High Impact,No Impact,Some Impact,Some Impact,Yes,Yes,Yes,No,Yes,No,Yes,No,No,No,First Choice,,,Man,Choose not to reply,19-20
Programming,No,No,No,Yes,No,No,No,No,High Impact,High Impact,High Impact,Some Impact,High Impact,Some Impact,Yes,No,No,No,Yes,No,No,No,No,Yes,First Choice,,,Man,Black/African American,19-20
Programming,Yes,No,No,No,No,Yes,No,Yes,High Impact,Some Impact,High Impact,No Impact,High Impact,Some Impact,,,,,,,,,,,,4.0,"I understand that coding is very influential to several fields. I am interested in engineering and finance mainly and they both require coding knowledge these days. I feel like my previous schools, Columbia High School and the University of Cincinnati did me a major disservice by not launching me into an actual coding language or not teaching me one at all. My father, grandfather, and neighbors have made a career of it. In short, it has a lot of potential to advance my knowledge. ",Man,White/Caucasian,21-24
Programming,No,No,Yes,Yes,No,No,No,Yes,Some Impact,High Impact,Some Impact,Some Impact,Some Impact,Some Impact,Yes,No,Yes,Yes,Yes,No,No,Don't recall,Yes,Don't recall,"I have a degree, but wanted to attend ccm courses to get more experience with data analytics",,,Man,Multi-Racial,25-34
Computer Science,Yes,Yes,No,Yes,No,No,Yes,Yes,High Impact,High Impact,High Impact,No Impact,No Impact,High Impact,Yes,Yes,Yes,No,Yes,Yes,Don't recall,Yes,Yes,Yes,First Choice,,,Woman,White/Caucasian,18 and younger
,Yes,No,No,Yes,No,Yes,No,No,High Impact,High Impact,High Impact,Some Impact,No Impact,High Impact,Yes,No,Yes,Yes,Yes,No,No,No,No,No,Math,,,Woman,White/Caucasian,35-64
Computer Science,No,No,No,Yes,No,Yes,No,No,High Impact,High Impact,High Impact,No Impact,No Impact,High Impact,Yes,No,No,No,Yes,No,No,No,No,No,First Choice,,,Man,White/Caucasian,18 and younger
Computer Science,Don't recall,Yes,No,No,Yes,No,Yes,Yes,No Impact,Some Impact,Some Impact,High Impact,Some Impact,Some Impact,,,,,,,,,,,,4.0,"I am currently a highschooler attending CCM as my dual enrollment option. I plan on majoring in computer science, specifically in either data science or software engineering. I genuinely enjoy working with computers and I am already taking two introductory compsci courses at the same time, java and python. I plan on learning many more languages as well so I will be taking more classes.",Man,Asian,18 and younger
Computer Science,No,No,No,Yes,Yes,Yes,Yes,Yes,Some Impact,High Impact,High Impact,Some Impact,Some Impact,Some Impact,,,,,,,,,,,,4.0,Computer science is a growing field and I find myself interested in possibly pursuing it later on.,Man,Multi-Racial,18 and younger
Computer Science,No,No,No,Yes,No,No,Yes,No,Some Impact,Some Impact,Some Impact,No Impact,Some Impact,No Impact,,,,,,,,,,,,3.0,Because I could see it being useful in my future in some way shape or form,Man,White/Caucasian,21-24
Computer Science,No,No,Yes,Yes,No,No,No,No,High Impact,High Impact,High Impact,No Impact,High Impact,Some Impact,No,No,Yes,No,No,No,No,No,No,No,none,,,Man,White/Caucasian,18 and younger
Computer Science,Yes,Yes,No,No,Yes,Yes,Yes,Yes,Some Impact,Some Impact,High Impact,High Impact,Some Impact,No Impact,,,,,,,,,,,,4.0,"I would be interested in some sense to take another computing class, because it seems interesting to learn how to code run a program.",Man,Hispanic or Latino,18 and younger
Computer Science,No,No,Yes,Yes,Yes,No,No,Yes,High Impact,High Impact,High Impact,No Impact,Some Impact,High Impact,,,,,,,,,,,,5.0,I am very interested in computing and programming. I tried to teach myself C++ at home a few years back but its difficult without proper guidance. ,Man,White/Caucasian,18 and younger
Computer Science,No,No,No,Yes,Yes,No,No,Yes,,,,,High Impact,,No,No,No,No,No,No,No,No,No,No,EDAM sharetime,,,Prefer not to say,Choose not to reply,18 and younger
Computer Science,No,No,No,Yes,Yes,No,Yes,Yes,High Impact,High Impact,High Impact,No Impact,High Impact,High Impact,,,,,,,,,,,,3.0,if it relates more to my career i will further pursue coding but i dont currently feel it relates to much to engineering and manufacturing.,Man,White/Caucasian,18 and younger
Computer Science,Yes,No,No,Yes,No,No,Yes,Yes,Some Impact,Some Impact,Some Impact,No Impact,Some Impact,No Impact,Yes,Yes,No,No,No,Yes,Yes,Don't recall,Don't recall,Don't recall,First Choice,,,Man,White/Caucasian,18 and younger
Computer Science,No,No,No,Yes,Yes,No,Yes,Yes,High Impact,Some Impact,Some Impact,Some Impact,Some Impact,High Impact,,,,,,,,,,,,3.0,I really enjoy coding and taking classes to learns the ins and outs is good but I find coding to be best self taught through practice.,Man,Multi-Racial,21-24
Computer Science,Don't recall,Yes,Don't recall,Yes,Yes,Don't recall,Don't recall,Don't recall,High Impact,High Impact,High Impact,No Impact,No Impact,No Impact,Yes,Yes,Yes,No,Yes,No,No,No,No,No,First Choice,,,Woman,White/Caucasian,25-34
Computer Science,Yes,Yes,No,Yes,No,No,No,No,High Impact,High Impact,High Impact,High Impact,,High Impact,Yes,Yes,Yes,No,Yes,No,No,No,No,No,First Choice,,,Man,Hispanic or Latino,25-34
Computer Science,Yes,Yes,Yes,Yes,Yes,Yes,Yes,Yes,High Impact,High Impact,High Impact,High Impact,High Impact,High Impact,Yes,Yes,Yes,Yes,Yes,Yes,Yes,Yes,Yes,Yes,First Choice,,,Man,White/Caucasian,25-34
Computer Science,No,No,No,Yes,No,No,No,No,Some Impact,Some Impact,High Impact,Some Impact,High Impact,High Impact,Yes,No,Yes,No,Yes,No,No,No,No,No,First Choice,,,Man,White/Caucasian,25-34
Computer Science,Yes,No,Yes,Yes,Yes,Yes,Yes,Yes,No Impact,No Impact,No Impact,No Impact,No Impact,No Impact,Yes,No,Yes,Yes,Yes,Yes,No,Yes,Yes,Yes,First Choice,,,Man,White/Caucasian,19-20
Computer Science,No,No,No,No,No,No,Yes,No,High Impact,High Impact,High Impact,No Impact,No Impact,Some Impact,Yes,No,Yes,No,Yes,No,No,No,No,No,First Choice,,,Man,Hispanic or Latino,21-24
Computer Science,Yes,No,No,Don't recall,No,No,No,No,Some Impact,High Impact,No Impact,No Impact,No Impact,No Impact,Yes,Yes,No,No,No,No,No,No,No,No,First Choice,,,Man,Hispanic or Latino,19-20
Computer Science,Yes,No,No,No,No,No,No,No,High Impact,High Impact,High Impact,Some Impact,No Impact,High Impact,Yes,Yes,Yes,Yes,Yes,No,No,Yes,No,Yes,First Choice,,,Man,White/Caucasian,35-64
Computer Science,No,No,No,No,No,No,No,Yes,High Impact,High Impact,Some Impact,No Impact,No Impact,No Impact,,,,,,,,,,,,4.0,Want to learn more about tech,Woman,Hispanic or Latino,19-20
Computer Science,No,No,No,Yes,No,No,Yes,Yes,Some Impact,High Impact,High Impact,No Impact,No Impact,High Impact,,,,,,,,,,,,5.0,"I would be, this is the career I would like to do",Non-binary,White/Caucasian,18 and younger
Computer Science,No,No,No,No,Yes,Yes,No,No,Some Impact,High Impact,Some Impact,High Impact,No Impact,No Impact,No,Yes,Yes,Yes,Yes,No,No,Yes,No,No,First Choice,,,Man,White/Caucasian,25-34
Computer Science,Yes,No,No,No,No,No,No,No,High Impact,High Impact,High Impact,High Impact,No Impact,No Impact,,,,,,,,,,,,3.0,eh,Man,White/Caucasian,25-34
Computer Science,Yes,No,No,Yes,Yes,No,Yes,Yes,High Impact,High Impact,Some Impact,Some Impact,Some Impact,Some Impact,Yes,Yes,Yes,No,Yes,Yes,Don't recall,Yes,Yes,Yes,First Choice,,,Man,Hispanic or Latino,21-24
Computer Science,Yes,Yes,Yes,Yes,No,No,No,Yes,High Impact,High Impact,High Impact,,,High Impact,,,,,,,,,,,,3.0,I am interested in other things ,Man,White/Caucasian,21-24
Computer Science,Yes,No,Yes,No,Yes,No,No,No,,High Impact,High Impact,,Some Impact,,,,,,,,,,,,,3.0,"I’m not really sure how I feel about the computing class. Since it wasn’t a class that I chose and since we’ve only met 4 times, I’m not really sure how I feel about the class. ",Man,White/Caucasian,18 and younger
Computer Science,No,No,No,No,Yes,No,No,No,No Impact,No Impact,High Impact,No Impact,High Impact,High Impact,,,,,,,,,,,,3.0,This class just started so idk how it’s gonna be,Man,White/Caucasian,18 and younger
Computer Science,Yes,Yes,No,No,No,No,No,Yes,Some Impact,Some Impact,No Impact,No Impact,No Impact,No Impact,,,,,,,,,,,,3.0,Im interested in learning on how to code since I've never really coded before.,Man,White/Caucasian,18 and younger
IT Introduction,Yes,No,No,Yes,No,No,No,Yes,No Impact,No Impact,High Impact,No Impact,No Impact,No Impact,Yes,Yes,Yes,No,Yes,Yes,Yes,No,No,No,Science,,,Man,Multi-Racial,18 and younger
IT Introduction,No,No,No,Yes,Yes,No,No,Yes,High Impact,No Impact,High Impact,No Impact,No Impact,Some Impact,Yes,No,Yes,No,Yes,Yes,No,No,No,No,First Choice,,,Man,White/Caucasian,18 and younger
IT Introduction,No,No,No,Yes,No,No,No,No,Some Impact,High Impact,High Impact,No Impact,Some Impact,,Yes,No,Yes,No,Yes,No,No,No,No,No,First Choice,,,Woman,Hispanic or Latino,18 and younger
IT Introduction,No,No,No,Yes,No,No,Yes,Yes,High Impact,High Impact,High Impact,No Impact,High Impact,High Impact,Yes,Yes,Yes,No,Yes,Yes,Yes,No,No,No,First Choice,,,Woman,White/Caucasian,18 and younger
IT Introduction,No,No,No,No,No,No,No,Yes,High Impact,No Impact,No Impact,No Impact,No Impact,No Impact,Yes,Yes,Yes,No,Yes,Yes,No,No,No,No,Science,,,Man,Asian,18 and younger
IT Introduction,Don't recall,Don't recall,Don't recall,Yes,Yes,Yes,Yes,Yes,No Impact,High Impact,Some Impact,No Impact,No Impact,No Impact,Yes,Yes,No,No,No,Yes,Yes,Yes,No,No,First Choice,,,Woman,Asian,18 and younger
IT Introduction,No,No,No,Yes,No,No,No,No,,Some Impact,High Impact,No Impact,,,Yes,No,No,No,No,No,No,No,No,No,first choice,,,Man,White/Caucasian,18 and younger
IT Introduction,No,No,No,Yes,No,No,No,Yes,No Impact,No Impact,High Impact,No Impact,No Impact,High Impact,,,,,,,,,,,,5.0,I enjoy computers and I want to go to college for them.,Man,White/Caucasian,18 and younger
IT Introduction,No,No,No,No,No,No,No,No,,,,,,,Yes,Yes,Yes,No,No,Yes,Yes,Yes,Yes,Yes,First Choice,,,Man,White/Caucasian,18 and younger
IT Introduction,No,No,No,Yes,No,No,No,Yes,High Impact,High Impact,High Impact,High Impact,High Impact,High Impact,No,Yes,Yes,Yes,Yes,Yes,No,No,No,No,First Choice,,,Man,Black/African American,18 and younger
Information Security,No,Yes,Yes,Yes,No,Don't recall,Yes,Yes,High Impact,High Impact,High Impact,Some Impact,No Impact,Some Impact,Yes,No,Yes,Yes,Yes,Yes,Yes,No,No,No,First Choice,,,Man,Hispanic or Latino,18 and younger
IT Introduction,No,No,No,No,No,No,Yes,Yes,High Impact,No Impact,High Impact,High Impact,No Impact,Some Impact,Yes,Yes,Yes,No,Yes,Yes,Yes,No,No,No,First Choice,,,Man,Hispanic or Latino,18 and younger
IT Introduction,No,No,No,No,Yes,Yes,Yes,No,High Impact,High Impact,High Impact,,,,No,No,No,No,No,Don't recall,Don't recall,Don't recall,Don't recall,Don't recall,First Choice,,,Woman,Hispanic or Latino,18 and younger
IT Introduction,No,No,No,Yes,Yes,No,Yes,Yes,Some Impact,No Impact,High Impact,No Impact,No Impact,Some Impact,Yes,No,Yes,No,Yes,Yes,Yes,Yes,Yes,No,First Choice,,,Man,White/Caucasian,18 and younger
IT Introduction,No,No,Yes,Yes,No,No,No,Yes,No Impact,Some Impact,High Impact,No Impact,Some Impact,No Impact,Yes,Yes,No,No,No,Yes,Don't recall,Yes,Yes,Don't recall,First Choice,,,Woman,Choose not to reply,18 and younger
IT Introduction,No,No,Yes,Yes,No,Yes,No,No,,Some Impact,High Impact,No Impact,Some Impact,No Impact,Yes,No,No,No,No,No,No,No,No,No,Engineering,,,Man,White/Caucasian,18 and younger
IT Introduction,Yes,No,No,Yes,No,No,No,No,High Impact,Some Impact,High Impact,No Impact,High Impact,High Impact,Yes,No,Yes,No,Yes,Don't recall,Don't recall,Don't recall,Don't recall,Don't recall,First Choice,,,Man,Multi-Racial,18 and younger
IT Introduction,No,No,Don't recall,Yes,No,No,Yes,Yes,No Impact,No Impact,No Impact,No Impact,No Impact,No Impact,Yes,Yes,Yes,No,Yes,Don't recall,Don't recall,Don't recall,Don't recall,Don't recall,First Choice,,,Man,White/Caucasian,18 and younger
Computer Science,No,No,No,Yes,Yes,Yes,Yes,Yes,High Impact,High Impact,Some Impact,Some Impact,No Impact,Some Impact,,,,,,,,,,,,5.0,I LOVE COMPUTERS AND HAVE BEEN APT AT THEM AT A VERY YOUNG AGE ITS WHAT I WANT TO DO FOR THE RE3ST OF MY LIFE,Man,White/Caucasian,25-34
Computer Science,No,No,No,No,No,No,No,Yes,Some Impact,Some Impact,Some Impact,No Impact,No Impact,Some Impact,,,,,,,,,,,,5.0,THEY ARE VERY INTERESTING AND I WOULD LOVE TO LEARN MORE. ITS THE FIELD THAT KEEPS ON FGROWING,Man,White/Caucasian,25-34
Programming,No,No,No,Yes,Yes,No,No,No,High Impact,High Impact,High Impact,Some Impact,No Impact,No Impact,Yes,No,Yes,No,Yes,Don't recall,Don't recall,Don't recall,Don't recall,Don't recall,Business,,,Man,Hispanic or Latino,21-24
Programming,No,Yes,Yes,No,Yes,No,Yes,Yes,,,Some Impact,,,,Yes,No,Yes,No,No,Yes,Yes,No,Yes,No,First Choice,,,Man,Asian,18 and younger
Programming,No,Yes,No,Yes,Yes,No,Yes,Yes,No Impact,Some Impact,No Impact,Some Impact,No Impact,No Impact,,,,,,,,,,,,4.0,I am seeking a degree in computer science and am currently taking both an introductory java and python course.,Man,Asian,18 and younger
Programming,No,No,No,No,No,Yes,Yes,Yes,,,,,,,,,,,,,,,,,,5.0,I want to pursue computer science in college so I'm very interested in taking another computing class.,Woman,Asian,18 and younger
Programming,No,No,No,No,No,No,No,No,High Impact,High Impact,High Impact,No Impact,No Impact,No Impact,,,,,,,,,,,,5.0,i love to learn more about programming and coding,Man,Hispanic or Latino,35-64
Programming,Yes,No,No,Yes,No,No,No,Yes,High Impact,High Impact,High Impact,Some Impact,Some Impact,Some Impact,Yes,Yes,No,No,No,No,No,Yes,Don't recall,Yes,First Choice,,,Woman,Hispanic or Latino,18 and younger
Programming,Don't recall,No,No,No,Don't recall,No,No,Yes,High Impact,High Impact,No Impact,,,,,,,,,,,,,,,5.0,I would be interested because I enjoy computing alot!,Woman,Asian,18 and younger
Programming,Don't recall,Don't recall,No,Don't recall,Don't recall,Don't recall,Yes,Yes,High Impact,Some Impact,Some Impact,Some Impact,No Impact,Some Impact,Yes,Yes,No,No,No,No,No,Yes,Don't recall,No,Biology,,,Man,Multi-Racial,18 and younger
Programming,No,No,No,Yes,No,No,Yes,Yes,High Impact,High Impact,Some Impact,Some Impact,No Impact,Some Impact,Yes,Yes,Yes,Yes,Yes,No,No,No,No,Yes,First Choice,,,Man,White/Caucasian,25-34
Programming,Yes,No,No,Yes,Yes,Yes,Don't recall,Yes,High Impact,Some Impact,Some Impact,,No Impact,No Impact,Yes,Yes,No,No,No,No,No,No,Yes,Yes,First Choice,,,Man,White/Caucasian,19-20
Programming,No,No,No,Yes,Yes,Yes,Yes,Yes,No Impact,No Impact,No Impact,No Impact,No Impact,No Impact,,,,,,,,,,,,4.0,I am pursuing a career in data science so I am compelled to take computing as well as math courses.,Man,Asian,18 and younger
Programming,No,Yes,Yes,Yes,Yes,Yes,Yes,Yes,Some Impact,No Impact,Some Impact,Some Impact,High Impact,High Impact,Yes,Yes,Yes,No,Yes,No,No,No,No,No,First Choice,,,Man,White/Caucasian,21-24
Programming,No,No,No,No,No,No,Yes,Yes,,,,,,,,,,,,,,,,,,5.0,Computing is applicable in every carrear.,Man,Asian,18 and younger
Programming,No,No,No,Yes,No,No,No,Yes,No Impact,No Impact,Some Impact,No Impact,No Impact,No Impact,Yes,No,Yes,No,No,No,No,Don't recall,No,No,cybersecurity ,,,Man,White/Caucasian,18 and younger
Programming,Yes,No,No,No,Yes,Yes,Yes,Yes,,Some Impact,Some Impact,No Impact,No Impact,No Impact,Yes,Yes,No,No,No,Yes,Yes,Yes,No,No,First Choice,,,Man,Black/African American,18 and younger
Programming,Yes,No,No,Yes,Don't recall,Yes,No,No,High Impact,High Impact,High Impact,Some Impact,High Impact,High Impact,Yes,Yes,Yes,No,Yes,No,No,No,No,No,First Choice,,,Man,White/Caucasian,18 and younger
Programming,Yes,No,No,No,No,No,Yes,Yes,High Impact,High Impact,High Impact,Some Impact,No Impact,Some Impact,Yes,No,No,No,No,Yes,No,No,Yes,Yes,Game Development,,,Man,Multi-Racial,19-20
Programming,No,No,Don't recall,No,No,Yes,Yes,Yes,High Impact,High Impact,Some Impact,,,Some Impact,Yes,Yes,No,No,Yes,Yes,Yes,No,No,No,First Choice,,,Man,Multi-Racial,18 and younger
Programming,No,No,No,Yes,Yes,No,Yes,No,Some Impact,Some Impact,No Impact,No Impact,No Impact,No Impact,Yes,No,No,No,No,No,No,No,No,No,First Choice,,,Man,White/Caucasian,19-20
Programming,Yes,Yes,Yes,Yes,Yes,No,Yes,Yes,High Impact,High Impact,High Impact,High Impact,High Impact,High Impact,Yes,Yes,Yes,No,Yes,No,No,Yes,Yes,Yes,First Choice,,,Man,White/Caucasian,21-24
Computer Science,No,Yes,No,Yes,Yes,No,Yes,No,Some Impact,High Impact,High Impact,Some Impact,Some Impact,High Impact,Yes,Yes,Yes,No,No,No,No,No,No,No,Science,,,Man,White/Caucasian,19-20
Programming,No,No,No,No,Yes,No,Yes,Yes,,High Impact,Some Impact,Some Impact,,Some Impact,,,,,,,,,,,,3.0,I would like to be well acquainted with computing in case I need the skill/knowledge but do not want to commit to it seriously,Non-binary,White/Caucasian,18 and younger
Computer Science,Yes,No,No,Yes,No,No,No,No,High Impact,High Impact,High Impact,High Impact,Some Impact,High Impact,Yes,Yes,No,Yes,No,No,No,Yes,Yes,No,Business,,,Woman,White/Caucasian,25-34
Computer Science,No,No,No,Yes,No,No,No,No,High Impact,High Impact,,Some Impact,No Impact,High Impact,Yes,No,No,No,Yes,No,No,No,No,No,First Choice,,,Man,White/Caucasian,25-34
Computer Science,No,No,Don't recall,Yes,Yes,No,No,No,No Impact,High Impact,High Impact,High Impact,Some Impact,Some Impact,Yes,Yes,No,Yes,Yes,No,No,Yes,Yes,Don't recall,First Choice,,,Man,White/Caucasian,35-64
Computer Science,Yes,Don't recall,Yes,Yes,Don't recall,No,Yes,Yes,High Impact,High Impact,High Impact,High Impact,,High Impact,Yes,Yes,Yes,Yes,Yes,Yes,Yes,No,Yes,Yes,Engineering,,,Woman,Asian,19-20
Web Design,No,No,No,Yes,No,No,No,No,No Impact,No Impact,No Impact,No Impact,No Impact,High Impact,Yes,No,No,No,No,No,No,No,Yes,No,First Choice,,,Man,Black/African American,21-24
Web Design,No,No,No,Yes,No,No,No,Yes,High Impact,High Impact,High Impact,,Some Impact,,Yes,No,Yes,Yes,Yes,No,No,No,No,Yes,Business,,,Man,White/Caucasian,19-20
Computer Science,Yes,Yes,Yes,Yes,Yes,Yes,Yes,Yes,High Impact,High Impact,High Impact,No Impact,No Impact,High Impact,,,,,,,,,,,,5.0,I would be interested in taking another computing class because I like this field and I am interested in programming.,Woman,Hispanic or Latino,18 and younger
Web Design,No,No,No,Yes,Don't recall,Don't recall,Yes,Yes,Some Impact,Some Impact,Some Impact,,,,Yes,No,Yes,Yes,Yes,Don't recall,Don't recall,Don't recall,Don't recall,Don't recall,Business,,,Man,White/Caucasian,19-20
Web Design,No,No,No,No,Yes,Yes,No,Yes,Some Impact,High Impact,Some Impact,No Impact,No Impact,No Impact,Yes,Yes,No,No,No,No,No,No,No,No,First Choice,,,Man,White/Caucasian,18 and younger
Web Design,No,No,No,Yes,No,Yes,No,Yes,High Impact,High Impact,High Impact,No Impact,High Impact,High Impact,Yes,Yes,Yes,No,Yes,No,No,Yes,No,No,Science,,,Woman,Multi-Racial,21-24
Computer Science,Yes,Yes,No,No,No,No,No,No,Some Impact,High Impact,High Impact,High Impact,High Impact,High Impact,,,,,,,,,,,,3.0,Interested in learning how to code and understand how programs are made.,Man,White/Caucasian,18 and younger
Web Design,Yes,No,Yes,Yes,Yes,Yes,Yes,Yes,High Impact,High Impact,High Impact,No Impact,No Impact,Some Impact,Yes,Yes,Yes,Yes,Yes,No,No,Yes,Yes,No,Mechanical Engineering,,,Man,Multi-Racial,18 and younger
Web Design,Yes,No,No,No,Yes,No,No,No,High Impact,High Impact,Some Impact,Some Impact,No Impact,No Impact,Yes,Yes,No,No,No,No,No,Yes,Yes,Yes,First Choice,,,Man,Multi-Racial,19-20
Computer Science,Yes,Yes,No,No,Yes,No,No,No,Some Impact,Some Impact,Some Impact,High Impact,High Impact,No Impact,Yes,No,Yes,Yes,Yes,No,Yes,No,No,No,Science,,,Man,White/Caucasian,19-20
Computer Science,Yes,No,No,No,No,No,No,No,,,High Impact,,,,,,,,,,,,,,,3.0,Neither Python or Java are currently in vogue programming languages.,Man,Multi-Racial,25-34
Computer Science,Don't recall,Yes,No,No,Yes,No,Yes,Yes,High Impact,High Impact,High Impact,Some Impact,,Some Impact,,,,,,,,,,,,3.0,It is hard to say if I would or would not take a computing class again until the end of the semester,Woman,White/Caucasian,19-20
Computer Science,Yes,Don't recall,Don't recall,Yes,Yes,Don't recall,Yes,Yes,High Impact,High Impact,High Impact,Some Impact,Some Impact,High Impact,Yes,Yes,Yes,No,Yes,Don't recall,Don't recall,Yes,No,Don't recall,Game Design,,,Man,White/Caucasian,21-24
Computer Science,Yes,No,No,No,No,No,No,No,Some Impact,No Impact,No Impact,No Impact,No Impact,No Impact,Yes,No,Yes,No,No,No,No,Yes,No,No,First Choice,,,Woman,Hispanic or Latino,18 and younger
Computer Science,No,No,No,Yes,Yes,No,Yes,No,High Impact,High Impact,Some Impact,High Impact,No Impact,Some Impact,Yes,Yes,No,No,Yes,No,No,No,No,No,First Choice,,,Man,Asian,18 and younger
Computer Science,Yes,No,Yes,Yes,Yes,Yes,No,No,High Impact,High Impact,High Impact,High Impact,High Impact,High Impact,Yes,No,Yes,Yes,Yes,No,No,Yes,No,No,First Choice,,,Man,White/Caucasian,25-34
Computer Science,Yes,Yes,Yes,Yes,Yes,No,Yes,Yes,High Impact,Some Impact,Some Impact,Some Impact,Some Impact,High Impact,Yes,Yes,Yes,No,Yes,No,No,No,No,Yes,First Choice,,,Man,Asian,18 and younger
Computer Science,No,No,No,Yes,No,No,No,No,No Impact,High Impact,Some Impact,Some Impact,Some Impact,Some Impact,,,,,,,,,,,,3.0,I'm not a computer guy,Man,White/Caucasian,19-20
Computer Science,No,No,No,No,No,No,No,Yes,,,,,,,,,,,,,,,,,,4.0,I am interested since technology has so many applications in the real world and it is a great skill to have. ,Man,Asian,18 and younger
Computer Science,No,No,Yes,Yes,No,No,No,Yes,Some Impact,High Impact,Some Impact,Some Impact,No Impact,Some Impact,Yes,No,No,No,No,Yes,No,No,Yes,Yes,First Choice,,,Man,Hispanic or Latino,18 and younger
Computer Science,No,No,No,No,No,No,Yes,No,High Impact,High Impact,Some Impact,No Impact,No Impact,No Impact,Yes,Yes,Yes,Yes,No,No,No,No,No,No,First Choice,,,Man,Asian,25-34
Computer Science,No,Yes,Yes,Yes,Yes,No,No,Yes,High Impact,High Impact,High Impact,Some Impact,High Impact,High Impact,Yes,Yes,Yes,No,Yes,Yes,No,Yes,No,No,First Choice,,,Man,Hispanic or Latino,18 and younger
Computer Science,No,No,No,No,No,No,No,Yes,High Impact,High Impact,Some Impact,No Impact,No Impact,No Impact,No,No,No,No,No,No,No,No,No,No,Still majoring in engineering,,,Man,White/Caucasian,18 and younger
Computer Science,Don't recall,No,No,Yes,No,Yes,Don't recall,Yes,High Impact,High Impact,Some Impact,No Impact,High Impact,High Impact,,,,,,,,,,,,4.0,I would be interested with taking more computing classes because so far my experience has been pleasant and I feel that I have learned quite a bit in the short time that I have been taking this class.,Man,Multi-Racial,19-20
Computer Science,No,No,No,Yes,No,Yes,No,No,Some Impact,Some Impact,High Impact,No Impact,Some Impact,No Impact,,,,,,,,,,,,1.0,I like working with physical materials ,Man,Choose not to reply,19-20
Computer Science,No,No,No,No,No,No,Yes,Yes,,High Impact,Some Impact,Some Impact,High Impact,Some Impact,Yes,Yes,Yes,No,Yes,Yes,No,Yes,Yes,Don't recall,First Choice,,,Non-binary,White/Caucasian,18 and younger
Computer Science,No,No,No,Yes,No,Yes,No,No,No Impact,No Impact,No Impact,No Impact,High Impact,High Impact,,,,,,,,,,,,4.0,"In my field of work (building Automation), we build our own PLCs and PUBs which require us to write codes and create programs in Niagra, or Schneider for us to be able to automate all of the building's climate control functions and have them run properly.",Man,White/Caucasian,19-20
Information Security,No,No,Yes,Yes,Yes,Yes,Yes,No,Some Impact,High Impact,High Impact,Some Impact,No Impact,No Impact,Yes,Yes,No,No,Yes,Yes,Yes,No,No,No,First Choice,,,Man,Asian,19-20
Information Security,Yes,Don't recall,Don't recall,Don't recall,Don't recall,Don't recall,Don't recall,Don't recall,Some Impact,Some Impact,High Impact,Some Impact,No Impact,High Impact,Yes,Yes,Yes,Yes,Yes,No,No,No,No,Yes,First Choice,,,Man,White/Caucasian,21-24
Information Security,Don't recall,Don't recall,Don't recall,Don't recall,No,Don't recall,Don't recall,Don't recall,High Impact,High Impact,,,,,Yes,Yes,Yes,Yes,Yes,Don't recall,Don't recall,Don't recall,Don't recall,Don't recall,First Choice,,,Man,Choose not to reply,21-24
Information Security,Yes,Yes,Yes,No,Yes,No,Yes,Yes,No Impact,No Impact,No Impact,No Impact,No Impact,No Impact,,,,,,,,,,,,5.0,I love computers and learning more about computers,Man,Asian,19-20
Information Security,Yes,No,Yes,Yes,Yes,Yes,Yes,Yes,High Impact,High Impact,High Impact,No Impact,Some Impact,Some Impact,,,,,,,,,,,,5.0,Taking Computer Science as my Major.,Man,Choose not to reply,18 and younger
Information Security,No,No,No,Yes,No,Yes,No,No,Some Impact,No Impact,No Impact,No Impact,No Impact,High Impact,Yes,Yes,No,No,No,No,No,No,No,No,Science,,,Man,White/Caucasian,21-24
Information Security,No,No,No,Yes,Yes,Yes,Yes,Yes,High Impact,High Impact,High Impact,No Impact,High Impact,High Impact,Yes,Yes,Yes,No,Yes,Yes,No,Yes,Yes,Yes,First Choice,,,Man,Black/African American,19-20
Information Security,No,No,No,Yes,No,No,No,No,High Impact,High Impact,Some Impact,Some Impact,High Impact,Some Impact,Yes,Yes,Yes,No,Yes,No,No,Yes,No,No,First Choice,,,Man,Choose not to reply,21-24
Information Security,No,No,No,Yes,No,No,Yes,Yes,Some Impact,Some Impact,Some Impact,Some Impact,No Impact,No Impact,,,,,,,,,,,,4.0,I know next to nothing about computers and I want to learn more and luckily for me I find it interesting to learn about.,Man,White/Caucasian,19-20
Information Security,No,No,No,No,No,No,No,No,Some Impact,High Impact,High Impact,,,High Impact,,,,,,,,,,,,5.0,This is why I am here,Man,White/Caucasian,35-64
Information Security,No,No,No,Yes,No,No,No,No,,Some Impact,,,,High Impact,Yes,No,No,Yes,No,No,No,No,No,No,First Choice,,,Prefer not to say,Choose not to reply,35-64
Programming,Yes,Yes,Yes,Yes,Yes,Yes,Yes,Yes,Some Impact,Some Impact,Some Impact,Some Impact,Some Impact,Some Impact,Yes,Yes,Yes,Yes,Yes,Yes,Yes,Yes,Yes,Yes,Engineering,,,Woman,Native American,21-24
Programming,No,No,No,Yes,No,No,No,No,Some Impact,Some Impact,Some Impact,No Impact,Some Impact,No Impact,Yes,No,Yes,No,Yes,No,No,Yes,No,No,First Choice,,,Man,White/Caucasian,19-20
Information Security,No,No,No,Yes,No,No,No,No,Some Impact,High Impact,High Impact,No Impact,No Impact,Some Impact,Yes,No,No,Yes,No,No,No,Yes,No,Yes,Exercise Science,,,Man,White/Caucasian,25-34
IT Introduction,Yes,No,No,No,No,No,No,No,High Impact,High Impact,High Impact,High Impact,High Impact,Some Impact,Yes,Yes,Yes,No,Yes,Yes,No,No,Yes,No,First Choice,,,Man,White/Caucasian,19-20
IT Introduction,No,No,Yes,Yes,Yes,No,Yes,No,High Impact,High Impact,High Impact,No Impact,High Impact,High Impact,Yes,Yes,Yes,No,Yes,Don't recall,Don't recall,Don't recall,Don't recall,Don't recall,First Choice,,,Man,White/Caucasian,19-20
IT Introduction,No,No,No,Yes,Yes,No,Yes,Yes,Some Impact,Some Impact,No Impact,No Impact,Some Impact,No Impact,Yes,Yes,Yes,No,Yes,No,No,Yes,Yes,Yes,First Choice,,,Man,Asian,18 and younger
IT Introduction,No,No,No,Yes,Yes,Yes,No,No,High Impact,High Impact,Some Impact,No Impact,High Impact,No Impact,Yes,No,No,Yes,Yes,Don't recall,Don't recall,Don't recall,Don't recall,Don't recall,First Choice,,,Man,Hispanic or Latino,19-20
IT Introduction,No,No,No,Yes,No,Yes,No,Yes,High Impact,High Impact,High Impact,No Impact,No Impact,High Impact,Yes,Yes,Yes,No,Yes,Yes,No,Yes,No,No,Criminal Justice ,,,Man,White/Caucasian,19-20
IT Introduction,No,No,No,Yes,Yes,Yes,Yes,No,Some Impact,High Impact,High Impact,No Impact,Some Impact,High Impact,Yes,No,No,Yes,No,No,No,Yes,Yes,Yes,LIberal Arts,,,Man,White/Caucasian,21-24
IT Introduction,Yes,No,No,No,No,No,No,No,High Impact,High Impact,High Impact,High Impact,No Impact,High Impact,Yes,No,No,Yes,Yes,No,No,Yes,Yes,Yes,First Choice,,,Man,White/Caucasian,35-64
IT Introduction,No,No,No,No,No,No,Yes,Yes,High Impact,High Impact,Some Impact,Some Impact,No Impact,Some Impact,Yes,Yes,Yes,No,Yes,No,No,Yes,No,No,esl,,,Man,Hispanic or Latino,21-24
IT Introduction,Yes,Yes,No,No,Yes,No,No,No,No Impact,High Impact,High Impact,No Impact,No Impact,No Impact,Yes,Yes,No,No,No,No,No,No,No,No,First Choice,,,Man,Black/African American,35-64
IT Introduction,Yes,Yes,No,Yes,No,No,No,No,High Impact,High Impact,High Impact,High Impact,No Impact,Some Impact,Yes,No,Yes,No,Yes,No,No,Yes,Yes,Yes,Science,,,Woman,Multi-Racial,19-20
IT Introduction,Yes,No,No,Yes,Yes,No,Yes,Yes,Some Impact,Some Impact,Some Impact,No Impact,Some Impact,Some Impact,Yes,Yes,Yes,No,No,Yes,Yes,Yes,No,No,First Choice,,,Man,White/Caucasian,19-20
IT Introduction,No,No,No,Yes,No,No,No,No,No Impact,No Impact,No Impact,No Impact,No Impact,No Impact,Yes,No,Yes,No,Yes,No,No,Yes,No,No,Cybersecurity ,,,Man,White/Caucasian,18 and younger
IT Introduction,No,No,No,Yes,Yes,No,Yes,Yes,Some Impact,Some Impact,No Impact,No Impact,Some Impact,Some Impact,Yes,Yes,Yes,No,Yes,No,No,No,Yes,Yes,First Choice,,,Man,Asian,18 and younger
IT Introduction,No,No,No,Yes,No,No,Yes,Yes,,Some Impact,High Impact,No Impact,High Impact,No Impact,Yes,No,No,No,No,Yes,No,Yes,Yes,No,First Choice,,,Man,White/Caucasian,18 and younger
IT Introduction,No,No,No,Yes,No,No,No,Yes,,Some Impact,High Impact,,High Impact,Some Impact,Yes,No,No,No,No,Yes,No,Yes,Yes,No,First Choice,,,Man,White/Caucasian,18 and younger
Information Security,No,No,No,Yes,No,No,No,No,Some Impact,Some Impact,Some Impact,Some Impact,Some Impact,Some Impact,Yes,No,No,Yes,No,No,No,No,No,Yes,First Choice,,,Man,Black/African American,25-34
Information Security,No,No,No,Yes,Yes,Yes,No,No,No Impact,High Impact,No Impact,No Impact,High Impact,High Impact,Yes,No,No,Yes,Yes,Don't recall,Don't recall,Don't recall,Don't recall,Don't recall,First Choice,,,Man,Hispanic or Latino,19-20
Information Security,Yes,Yes,Yes,Yes,Yes,No,Yes,Yes,High Impact,High Impact,High Impact,High Impact,High Impact,High Impact,Yes,Yes,Yes,Yes,Yes,No,No,No,No,No,First Choice,,,Man,Multi-Racial,21-24
Information Security,No,No,No,Yes,No,No,Yes,No,High Impact,Some Impact,High Impact,,,,Yes,Yes,Yes,Yes,Yes,No,No,Yes,No,No,First Choice,,,Man,White/Caucasian,21-24
Information Security,No,No,No,Yes,No,Yes,No,No,Some Impact,High Impact,High Impact,No Impact,No Impact,No Impact,Yes,No,No,Yes,No,No,No,Yes,No,Yes,First Choice,,,Man,White/Caucasian,25-34
Information Security,Yes,Don't recall,Yes,No,No,No,No,No,Some Impact,High Impact,Some Impact,Some Impact,No Impact,No Impact,Yes,Yes,Yes,No,No,No,No,Yes,Yes,No,First Choice,,,Non-binary,White/Caucasian,21-24
Information Security,No,No,No,No,No,No,No,No,Some Impact,High Impact,,,,,Yes,No,No,Yes,Yes,No,No,No,No,No,First Choice,,,Woman,Multi-Racial,25-34
Information Security,No,Yes,No,Yes,No,Yes,No,No,High Impact,High Impact,High Impact,No Impact,Some Impact,High Impact,Yes,Yes,No,No,No,No,No,No,No,No,Criminal Justice,,,Woman,Multi-Racial,19-20
Information Security,No,No,No,Yes,No,Yes,No,No,Some Impact,High Impact,Some Impact,No Impact,Some Impact,Some Impact,Yes,No,Yes,No,Yes,No,No,Yes,Yes,No,First Choice,,,Man,Asian,19-20
Information Security,No,No,Yes,Yes,Yes,No,No,Yes,High Impact,High Impact,High Impact,No Impact,No Impact,Some Impact,Yes,Yes,Yes,No,Yes,No,No,No,No,Yes,I didn't know how to go full into cybersecurity,,,Man,Multi-Racial,18 and younger
Information Security,No,Yes,Yes,Yes,No,Yes,Yes,Yes,Some Impact,Some Impact,No Impact,Some Impact,No Impact,No Impact,Yes,Yes,Yes,No,Yes,Don't recall,Don't recall,No,No,No,First Choice,,,Man,White/Caucasian,21-24
Information Security,Yes,Yes,Yes,Yes,Yes,Yes,Yes,Yes,High Impact,High Impact,High Impact,High Impact,High Impact,High Impact,Yes,Yes,Yes,Yes,Yes,Yes,Yes,Yes,Yes,Yes,crim,,,Man,Black/African American,21-24
Information Security,Yes,No,No,No,No,No,Yes,Yes,High Impact,High Impact,High Impact,Some Impact,No Impact,Some Impact,Yes,No,No,No,No,Yes,Yes,No,Yes,No,Game Development,,,Man,Multi-Racial,19-20
Information Security,Yes,Don't recall,No,Yes,Yes,Don't recall,Yes,Yes,High Impact,High Impact,High Impact,Some Impact,Some Impact,High Impact,,,,,,,,,,,,3.0,"The field is fairly new to me, therefore I would need some time to get used to the area of study. I do not dislike nor like computing as I am still trying to understand the field. ",Man,White/Caucasian,19-20
Information Security,Don't recall,Yes,Don't recall,Yes,No,Yes,Don't recall,No,High Impact,Some Impact,High Impact,No Impact,Some Impact,High Impact,Yes,Yes,Yes,Yes,Yes,Don't recall,Don't recall,Yes,Yes,Don't recall,LIberal Arts,,,Woman,White/Caucasian,25-34
Information Security,No,No,No,Yes,No,No,Yes,No,High Impact,High Impact,Some Impact,No Impact,Some Impact,No Impact,Yes,No,Yes,No,Yes,No,No,No,No,No,Graphic Design,,,Man,Multi-Racial,19-20
Information Security,No,No,No,Yes,Yes,No,Yes,Yes,High Impact,High Impact,High Impact,No Impact,Some Impact,Some Impact,Yes,Yes,Yes,No,Yes,No,Yes,No,No,No,First Choice,,,Man,Choose not to reply,19-20
Information Security,No,No,No,Don't recall,No,Don't recall,Don't recall,Don't recall,Some Impact,Some Impact,Some Impact,Some Impact,No Impact,Some Impact,Yes,No,Yes,No,Yes,Don't recall,Don't recall,No,No,Yes,First Choice,,,Man,Multi-Racial,21-24
Information Security,No,No,No,No,No,No,Yes,No,High Impact,Some Impact,Some Impact,Some Impact,Some Impact,Some Impact,Yes,Yes,Yes,No,No,Don't recall,Don't recall,Don't recall,Don't recall,Don't recall,First Choice,,,Man,White/Caucasian,19-20
Computer Science,No,No,No,Yes,No,No,Yes,Yes,High Impact,Some Impact,Some Impact,No Impact,Some Impact,Some Impact,Yes,No,No,No,No,No,No,No,No,No,came to ccm undecided for first year,,,Man,White/Caucasian,19-20
Information Security,No,No,Yes,Yes,Yes,No,No,Yes,High Impact,High Impact,High Impact,No Impact,Some Impact,Some Impact,Yes,Yes,Yes,No,Yes,Yes,Don't recall,No,No,Yes,idk,,,Man,Multi-Racial,18 and younger
IT Introduction,Yes,No,No,No,No,No,Yes,Yes,High Impact,High Impact,High Impact,Some Impact,No Impact,No Impact,Yes,No,No,No,No,Yes,Yes,No,Yes,No,Game Development,,,Man,Multi-Racial,19-20
Computer Science,No,No,Yes,Yes,Yes,Yes,Don't recall,Yes,High Impact,High Impact,Some Impact,No Impact,High Impact,Some Impact,Yes,Yes,No,Yes,Yes,Yes,No,Yes,No,Yes,First Choice,,,Man,Multi-Racial,18 and younger
Computer Science,Don't recall,Don't recall,Don't recall,Yes,Yes,Yes,Yes,Yes,High Impact,High Impact,No Impact,No Impact,No Impact,Some Impact,Yes,Yes,No,No,Yes,Don't recall,Don't recall,Don't recall,Don't recall,Don't recall,Psych,,,Man,Multi-Racial,19-20
Computer Science,Don't recall,Yes,Don't recall,Yes,No,Yes,No,No,High Impact,High Impact,High Impact,High Impact,Some Impact,High Impact,Yes,Yes,No,No,No,No,No,Yes,No,No,Science,,,Man,White/Caucasian,21-24
Computer Science,Yes,No,No,Yes,No,No,No,No,High Impact,High Impact,High Impact,,Some Impact,,Yes,Yes,Yes,No,Yes,No,No,No,No,No,First Choice,,,Man,Hispanic or Latino,18 and younger
Computer Science,No,No,No,Yes,No,No,No,No,High Impact,High Impact,High Impact,Some Impact,High Impact,High Impact,Yes,Yes,Yes,Yes,Yes,No,No,No,No,No,First Choice,,,Man,Asian,21-24
Computer Science,Yes,Yes,Yes,Yes,Yes,Yes,Yes,Yes,High Impact,High Impact,Some Impact,Some Impact,High Impact,Some Impact,,,,,,,,,,,,4.0,"I am a tech savvy person, and learning more about computer software and hardware is interesting to me.",Man,Hispanic or Latino,21-24
Computer Science,No,No,No,Yes,No,Yes,Yes,Yes,High Impact,Some Impact,Some Impact,Some Impact,Some Impact,Some Impact,Yes,Yes,Yes,No,No,No,No,No,No,No,exercise science,,,Man,Multi-Racial,19-20
Computer Science,No,Yes,No,No,No,No,No,No,High Impact,,High Impact,Some Impact,,,No,No,No,No,No,No,No,No,No,No,First Choice,,,Man,Hispanic or Latino,21-24
Computer Science,Don't recall,No,No,No,Don't recall,Don't recall,Yes,Yes,High Impact,High Impact,Some Impact,Some Impact,Some Impact,Some Impact,Yes,Yes,No,No,No,Don't recall,Don't recall,Yes,Don't recall,No,Biology,,,Man,Multi-Racial,18 and younger
Computer Science,No,No,No,Yes,No,No,No,No,Some Impact,High Impact,Some Impact,Some Impact,High Impact,,Yes,Yes,No,No,Yes,No,No,Yes,Yes,No,First Choice,,,Man,White/Caucasian,19-20
Computer Science,No,No,No,Yes,Yes,Yes,No,No,No Impact,High Impact,High Impact,No Impact,High Impact,High Impact,Yes,Yes,No,No,No,Yes,No,No,No,Yes,First Choice,,,Man,Black/African American,18 and younger
